engagement_id,startup_id,engagement_type,region,deal_value_inr,start_date
1,1,Contract,Kolkata,9894637.0,2024-04-02
2,2,Pilot Project,Mumbai,65838278.0,2021-05-30
3,2,Joint Venture,Pune,61244399.0,2022-05-17
4,2,Partnership,Kolkata,98071168.0,2022-09-04
5,3,Contract,Hyderabad,94075563.0,2023-11-29
6,4,Partnership,Mumbai,68677818.0,2018-05-14
7,4,Joint Venture,Pune,1086388.0,2023-04-17
8,6,Contract,Delhi NCR,67918272.0,2024-01-21
9,6,Joint Venture,Hyderabad,25428702.0,2020-06-06
10,7,Contract,Hyderabad,70320471.0,2023-08-22
11,7,Contract,Bengaluru,44257251.0,2019-05-08
12,7,Joint Venture,Kolkata,9141796.0,2020-03-12
13,8,Joint Venture,Bengaluru,40143723.0,2018-01-07
14,9,Joint Venture,Pune,44461898.0,2023-12-18
15,10,Partnership,Hyderabad,92731078.0,2024-08-26
16,10,Contract,Delhi NCR,47247670.0,2018-03-23
17,10,Pilot Project,Bengaluru,18321596.0,2024-07-01
18,11,Pilot Project,Pune,12410154.0,2020-07-04
19,11,Contract,Pune,5518251.0,2021-03-07
20,13,Pilot Project,Hyderabad,91894300.0,2016-05-14
21,14,Pilot Project,Pune,49691758.0,2024-05-24
22,14,Contract,Chennai,56864373.0,2021-04-16
23,14,Contract,Mumbai,37639837.0,2024-03-25
24,15,Joint Venture,Pune,70377066.0,2022-05-29
25,16,Contract,Pune,32287563.0,2021-04-16
26,17,Partnership,Pune,1641551.0,2024-04-07
27,17,Pilot Project,Hyderabad,91102387.0,2014-08-04
28,17,Pilot Project,Pune,89132078.0,2018-03-30
29,18,Contract,Bengaluru,33258821.0,2022-02-17
30,18,Contract,Kolkata,54262682.0,2023-10-03
31,21,Contract,Chennai,97867966.0,2018-09-25
32,21,Contract,Pune,47025778.0,2018-07-08
33,22,Contract,Bengaluru,79726535.0,2023-08-16
34,22,Pilot Project,Mumbai,16282316.0,2023-08-03
35,22,Contract,Kolkata,69102736.0,2023-06-03
36,23,Pilot Project,Pune,88703229.0,2019-09-19
37,23,Pilot Project,Delhi NCR,94364144.0,2016-02-14
38,24,Pilot Project,Bengaluru,46423823.0,2024-01-03
39,25,Pilot Project,Bengaluru,98152783.0,2021-01-12
40,25,Joint Venture,Mumbai,11622454.0,2020-01-05
41,25,Joint Venture,Kolkata,70835177.0,2019-03-07
42,26,Joint Venture,Bengaluru,26944800.0,2022-12-26
43,26,Pilot Project,Pune,54592937.0,2023-09-10
44,27,Pilot Project,Chennai,11222434.0,2016-08-20
45,27,Partnership,Pune,76839165.0,2016-01-05
46,28,Joint Venture,Pune,58180272.0,2020-01-01
47,28,Contract,Bengaluru,47255434.0,2022-11-10
48,29,Contract,Pune,87698496.0,2021-06-24
49,29,Joint Venture,Delhi NCR,12427168.0,2022-02-11
50,29,Joint Venture,Hyderabad,19916724.0,2021-04-08
51,33,Joint Venture,Mumbai,59203292.0,2022-12-01
52,33,Joint Venture,Kolkata,8718279.0,2016-08-14
53,33,Joint Venture,Delhi NCR,24699967.0,2024-12-10
54,34,Pilot Project,Chennai,24918674.0,2018-11-05
55,34,Partnership,Mumbai,23434046.0,2017-02-18
56,34,Partnership,Mumbai,54610079.0,2014-10-12
57,35,Pilot Project,Pune,46934801.0,2024-02-01
58,37,Pilot Project,Delhi NCR,5291577.0,2023-09-08
59,37,Contract,Kolkata,19774644.0,2023-01-21
60,38,Contract,Hyderabad,32085531.0,2023-09-28
61,38,Contract,Pune,10345213.0,2018-01-29
62,38,Partnership,Kolkata,92062623.0,2024-12-15
63,39,Contract,Chennai,18736722.0,2021-07-20
64,40,Partnership,Chennai,4750865.0,2023-05-05
65,42,Pilot Project,Hyderabad,48443493.0,2018-02-20
66,42,Joint Venture,Kolkata,60706149.0,2015-06-15
67,43,Partnership,Mumbai,14712994.0,2023-05-27
68,43,Joint Venture,Kolkata,36411241.0,2023-06-18
69,44,Contract,Kolkata,42654703.0,2024-07-11
70,45,Partnership,Mumbai,99981728.0,2022-08-12
71,45,Pilot Project,Bengaluru,30401819.0,2023-04-23
72,45,Partnership,Kolkata,57277353.0,2024-12-27
73,48,Joint Venture,Mumbai,83651779.0,2021-09-06
74,48,Joint Venture,Pune,9970577.0,2020-09-11
75,49,Contract,Mumbai,96210936.0,2020-10-02
76,49,Joint Venture,Pune,21042271.0,2021-02-17
77,49,Contract,Delhi NCR,66167102.0,2022-02-20
78,50,Joint Venture,Mumbai,33505853.0,2024-07-04
79,50,Joint Venture,Delhi NCR,85238303.0,2022-12-09
80,51,Partnership,Bengaluru,4416231.0,2023-01-01
81,51,Contract,Delhi NCR,25868236.0,2020-03-16
82,52,Partnership,Hyderabad,17474861.0,2021-10-23
83,52,Contract,Chennai,94548557.0,2023-04-07
84,52,Joint Venture,Kolkata,95501954.0,2021-07-16
85,53,Joint Venture,Mumbai,12534661.0,2024-05-28
86,53,Pilot Project,Kolkata,84646042.0,2017-07-23
87,54,Joint Venture,Chennai,52567134.0,2021-09-14
88,55,Contract,Chennai,49459660.0,2024-03-20
89,55,Joint Venture,Pune,59117585.0,2019-09-17
90,55,Contract,Delhi NCR,73930070.0,2019-09-06
91,56,Partnership,Delhi NCR,48956789.0,2019-08-30
92,56,Pilot Project,Hyderabad,53922345.0,2019-12-20
93,56,Pilot Project,Hyderabad,29830501.0,2015-11-14
94,57,Partnership,Delhi NCR,76851225.0,2022-10-21
95,57,Pilot Project,Hyderabad,76353701.0,2018-05-04
96,58,Pilot Project,Chennai,59299291.0,2021-02-23
97,58,Partnership,Bengaluru,63057103.0,2021-01-14
98,58,Pilot Project,Delhi NCR,40124501.0,2021-12-17
99,59,Joint Venture,Mumbai,50178584.0,2020-05-10
100,60,Joint Venture,Pune,40232988.0,2024-06-16
101,60,Contract,Pune,15154992.0,2023-12-31
102,62,Contract,Hyderabad,58365710.0,2022-01-10
103,62,Contract,Pune,25418879.0,2018-05-11
104,63,Joint Venture,Kolkata,45848258.0,2024-05-26
105,63,Pilot Project,Kolkata,98628090.0,2020-09-10
106,64,Joint Venture,Pune,86779965.0,2024-03-04
107,64,Contract,Kolkata,68880163.0,2024-05-21
108,65,Pilot Project,Kolkata,70295118.0,2023-01-13
109,65,Contract,Pune,16523702.0,2022-05-20
110,66,Partnership,Hyderabad,20448692.0,2017-02-04
111,67,Partnership,Hyderabad,55087053.0,2020-04-07
112,67,Joint Venture,Delhi NCR,82444246.0,2023-10-31
113,67,Contract,Mumbai,79981802.0,2022-06-01
114,68,Contract,Hyderabad,7933210.0,2019-11-13
115,70,Contract,Delhi NCR,38419030.0,2020-12-13
116,72,Partnership,Pune,45112429.0,2022-07-18
117,72,Pilot Project,Kolkata,79845648.0,2024-11-22
118,73,Joint Venture,Hyderabad,70718314.0,2022-04-30
119,73,Partnership,Chennai,86315816.0,2021-03-02
120,73,Joint Venture,Hyderabad,83078004.0,2024-01-18
121,74,Joint Venture,Bengaluru,91764249.0,2023-12-04
122,74,Joint Venture,Hyderabad,50599803.0,2024-05-29
123,75,Partnership,Chennai,25786607.0,2018-08-01
124,75,Partnership,Bengaluru,1184668.0,2020-04-02
125,75,Joint Venture,Kolkata,38831884.0,2020-07-14
126,76,Joint Venture,Hyderabad,60451403.0,2023-07-22
127,76,Contract,Chennai,30276971.0,2015-01-20
128,76,Pilot Project,Kolkata,18669500.0,2016-11-09
129,78,Partnership,Delhi NCR,28420441.0,2022-06-30
130,78,Pilot Project,Delhi NCR,39546311.0,2022-04-13
131,78,Partnership,Kolkata,41889094.0,2023-12-11
132,79,Contract,Pune,64209129.0,2021-07-31
133,79,Pilot Project,Hyderabad,71038697.0,2023-05-07
134,79,Contract,Kolkata,77157499.0,2020-08-23
135,80,Partnership,Mumbai,21340030.0,2022-03-12
136,80,Contract,Delhi NCR,23837222.0,2024-03-06
137,80,Partnership,Delhi NCR,56294767.0,2024-03-18
138,81,Joint Venture,Mumbai,69935340.0,2023-05-04
139,81,Pilot Project,Hyderabad,8112593.0,2024-06-18
140,83,Joint Venture,Chennai,45468447.0,2018-04-25
141,84,Contract,Bengaluru,41984345.0,2014-08-17
142,86,Contract,Kolkata,48869146.0,2020-12-23
143,86,Partnership,Bengaluru,89010027.0,2020-02-20
144,86,Pilot Project,Bengaluru,66899506.0,2022-09-11
145,87,Joint Venture,Chennai,44832607.0,2023-06-04
146,89,Contract,Hyderabad,80410288.0,2023-06-02
147,90,Partnership,Kolkata,77786522.0,2024-01-08
148,90,Joint Venture,Kolkata,23284691.0,2019-08-28
149,90,Joint Venture,Chennai,25492055.0,2023-09-20
150,91,Pilot Project,Pune,46892154.0,2016-09-14
151,91,Contract,Kolkata,63902589.0,2024-09-20
152,94,Joint Venture,Chennai,8155474.0,2017-01-10
153,95,Joint Venture,Hyderabad,74918112.0,2024-09-04
154,95,Joint Venture,Mumbai,94023248.0,2020-06-14
155,96,Contract,Chennai,30749653.0,2015-07-11
156,96,Contract,Bengaluru,28026292.0,2022-05-16
157,97,Partnership,Pune,19857354.0,2017-09-26
158,97,Contract,Hyderabad,97277628.0,2017-02-05
159,97,Pilot Project,Kolkata,97238799.0,2016-03-02
160,98,Contract,Kolkata,16944280.0,2023-04-30
161,98,Pilot Project,Delhi NCR,76357560.0,2023-07-26
162,98,Partnership,Pune,31812059.0,2023-11-23
163,99,Contract,Bengaluru,37255179.0,2023-04-30
164,100,Partnership,Hyderabad,85362353.0,2020-09-09
165,101,Joint Venture,Delhi NCR,4635183.0,2020-12-07
166,101,Partnership,Mumbai,45604650.0,2021-11-27
167,101,Joint Venture,Delhi NCR,25831960.0,2020-10-27
168,102,Joint Venture,Chennai,41743741.0,2018-04-15
169,102,Pilot Project,Pune,7718609.0,2022-04-28
170,102,Contract,Pune,82366236.0,2021-07-23
171,104,Joint Venture,Bengaluru,13937220.0,2023-11-10
172,104,Contract,Pune,80800926.0,2024-05-27
173,104,Contract,Kolkata,76864459.0,2018-10-05
174,106,Pilot Project,Bengaluru,94001633.0,2022-01-11
175,106,Pilot Project,Mumbai,42679448.0,2023-11-13
176,107,Joint Venture,Mumbai,61961105.0,2022-02-03
177,108,Joint Venture,Kolkata,95105624.0,2022-07-30
178,108,Pilot Project,Bengaluru,11625658.0,2023-07-03
179,108,Partnership,Mumbai,32782168.0,2022-07-05
180,109,Joint Venture,Bengaluru,60105451.0,2022-01-28
181,110,Joint Venture,Chennai,31995680.0,2021-01-26
182,110,Partnership,Chennai,62944568.0,2023-09-28
183,110,Pilot Project,Delhi NCR,20818916.0,2023-12-17
184,112,Contract,Chennai,12882547.0,2021-12-12
185,112,Pilot Project,Delhi NCR,60924573.0,2024-12-06
186,113,Pilot Project,Hyderabad,81476892.0,2021-03-13
187,113,Contract,Pune,95428918.0,2024-05-09
188,113,Joint Venture,Chennai,79631267.0,2021-08-22
189,114,Partnership,Chennai,37952620.0,2023-07-17
190,114,Partnership,Hyderabad,935759.0,2021-04-03
191,114,Pilot Project,Mumbai,18514969.0,2020-11-19
192,115,Pilot Project,Delhi NCR,4043373.0,2022-05-12
193,115,Pilot Project,Delhi NCR,98588298.0,2021-05-01
194,117,Pilot Project,Chennai,84374179.0,2023-12-03
195,118,Pilot Project,Bengaluru,78532208.0,2021-04-04
196,119,Pilot Project,Bengaluru,9998712.0,2023-05-13
197,119,Joint Venture,Pune,3922573.0,2023-04-05
198,120,Contract,Pune,49042674.0,2019-02-18
199,120,Pilot Project,Chennai,69674105.0,2022-08-05
200,121,Contract,Mumbai,17519261.0,2022-07-30
201,121,Pilot Project,Hyderabad,18493008.0,2024-01-23
202,122,Partnership,Chennai,85322367.0,2022-04-28
203,122,Pilot Project,Pune,85720198.0,2024-03-05
204,122,Joint Venture,Chennai,98785929.0,2022-11-17
205,123,Partnership,Pune,19718024.0,2018-09-20
206,123,Partnership,Mumbai,94497691.0,2024-01-25
207,124,Joint Venture,Mumbai,67396833.0,2017-01-03
208,124,Joint Venture,Kolkata,54916020.0,2020-12-27
209,124,Contract,Mumbai,45820053.0,2018-08-31
210,125,Contract,Hyderabad,9801762.0,2023-07-03
211,125,Joint Venture,Mumbai,77849208.0,2022-09-20
212,126,Partnership,Chennai,25993105.0,2024-11-14
213,127,Joint Venture,Mumbai,62284786.0,2014-04-05
214,128,Contract,Mumbai,39600306.0,2021-07-25
215,129,Joint Venture,Mumbai,89314394.0,2022-02-23
216,130,Pilot Project,Hyderabad,87438431.0,2021-08-31
217,130,Joint Venture,Bengaluru,19594044.0,2022-04-05
218,131,Partnership,Delhi NCR,56257533.0,2018-12-05
219,131,Pilot Project,Chennai,57557160.0,2021-06-12
220,132,Contract,Bengaluru,61500257.0,2023-03-12
221,132,Pilot Project,Hyderabad,66423955.0,2017-11-02
222,134,Partnership,Kolkata,49622279.0,2023-01-26
223,135,Pilot Project,Kolkata,16538684.0,2021-06-28
224,136,Joint Venture,Bengaluru,87121326.0,2022-07-13
225,136,Contract,Kolkata,65613203.0,2019-11-07
226,137,Partnership,Hyderabad,58646626.0,2024-12-10
227,138,Joint Venture,Pune,40290923.0,2018-10-30
228,138,Partnership,Pune,99414000.0,2017-10-17
229,138,Contract,Chennai,85173385.0,2017-01-04
230,139,Pilot Project,Kolkata,73445649.0,2019-11-09
231,140,Pilot Project,Delhi NCR,19931127.0,2021-09-10
232,140,Joint Venture,Hyderabad,89663532.0,2024-06-30
233,140,Partnership,Kolkata,58589586.0,2021-09-23
234,141,Contract,Delhi NCR,38996359.0,2020-04-11
235,141,Pilot Project,Delhi NCR,32677162.0,2021-03-18
236,142,Pilot Project,Pune,1775886.0,2022-09-01
237,142,Pilot Project,Bengaluru,72899150.0,2019-11-18
238,144,Pilot Project,Kolkata,63095919.0,2021-08-29
239,144,Partnership,Kolkata,42125995.0,2024-08-18
240,145,Contract,Pune,65714006.0,2020-01-23
241,145,Contract,Mumbai,67242469.0,2016-07-09
242,145,Partnership,Pune,95846090.0,2022-11-24
243,146,Contract,Delhi NCR,92515502.0,2021-06-09
244,147,Pilot Project,Bengaluru,97072561.0,2023-06-13
245,148,Pilot Project,Kolkata,71028833.0,2014-09-24
246,148,Joint Venture,Kolkata,19561077.0,2023-04-13
247,150,Contract,Kolkata,41034381.0,2024-12-28
248,150,Joint Venture,Delhi NCR,67143176.0,2023-01-13
249,153,Joint Venture,Chennai,45541646.0,2024-09-07
250,153,Partnership,Mumbai,12119162.0,2023-06-25
251,153,Partnership,Chennai,41384532.0,2023-10-13
252,156,Joint Venture,Pune,37480273.0,2023-02-07
253,157,Joint Venture,Kolkata,62792618.0,2020-12-04
254,157,Partnership,Hyderabad,34086682.0,2018-07-10
255,157,Partnership,Mumbai,20295282.0,2023-05-23
256,159,Pilot Project,Delhi NCR,83013201.0,2023-06-01
257,160,Partnership,Hyderabad,68586007.0,2020-12-08
258,164,Joint Venture,Pune,45502232.0,2019-07-26
259,164,Partnership,Pune,52507730.0,2018-10-19
260,164,Contract,Pune,6322692.0,2024-04-19
261,165,Contract,Delhi NCR,49091227.0,2023-08-02
262,166,Partnership,Pune,4209027.0,2021-02-08
263,167,Joint Venture,Mumbai,93889531.0,2021-11-14
264,167,Contract,Mumbai,80706310.0,2021-11-30
265,168,Joint Venture,Kolkata,38486739.0,2016-12-07
266,168,Joint Venture,Mumbai,80709298.0,2019-05-06
267,169,Partnership,Mumbai,37259825.0,2020-06-17
268,169,Partnership,Delhi NCR,98722742.0,2020-12-07
269,169,Joint Venture,Hyderabad,7222915.0,2023-02-14
270,171,Pilot Project,Hyderabad,30825864.0,2024-07-24
271,172,Contract,Mumbai,20925358.0,2022-09-02
272,173,Contract,Mumbai,90871338.0,2021-08-28
273,173,Pilot Project,Pune,90690173.0,2022-04-09
274,176,Joint Venture,Delhi NCR,59999560.0,2016-01-31
275,177,Joint Venture,Pune,99543279.0,2022-01-15
276,178,Partnership,Delhi NCR,41370058.0,2021-08-24
277,179,Contract,Kolkata,78550238.0,2019-11-20
278,180,Joint Venture,Bengaluru,95696121.0,2023-07-19
279,181,Pilot Project,Hyderabad,54346010.0,2024-08-26
280,181,Contract,Mumbai,54566690.0,2024-07-17
281,182,Joint Venture,Pune,9129579.0,2023-08-25
282,182,Contract,Kolkata,46876734.0,2021-11-01
283,182,Joint Venture,Bengaluru,38062983.0,2024-07-25
284,183,Partnership,Pune,61050365.0,2024-07-14
285,183,Partnership,Kolkata,40859296.0,2023-10-28
286,184,Partnership,Hyderabad,78190590.0,2022-09-12
287,186,Pilot Project,Kolkata,68866200.0,2024-04-13
288,186,Partnership,Pune,1907260.0,2024-08-21
289,187,Contract,Pune,42568651.0,2018-02-17
290,188,Joint Venture,Hyderabad,34061087.0,2015-11-08
291,188,Contract,Bengaluru,57248308.0,2020-06-14
292,189,Partnership,Mumbai,37481100.0,2022-07-06
293,189,Joint Venture,Pune,1646569.0,2024-10-19
294,189,Joint Venture,Bengaluru,28525818.0,2021-04-15
295,190,Pilot Project,Pune,1129916.0,2024-12-19
296,190,Partnership,Delhi NCR,93485653.0,2024-01-06
297,190,Joint Venture,Hyderabad,67860324.0,2024-08-07
298,191,Partnership,Mumbai,3640788.0,2023-02-02
299,192,Partnership,Pune,71772718.0,2023-09-01
300,194,Partnership,Chennai,32144010.0,2022-06-17
301,196,Pilot Project,Chennai,78234684.0,2020-07-22
302,197,Partnership,Mumbai,14292602.0,2024-08-17
303,198,Partnership,Delhi NCR,44262884.0,2023-10-01
304,199,Contract,Pune,38386254.0,2020-12-16
305,199,Partnership,Hyderabad,31785267.0,2020-10-07
306,199,Contract,Pune,80210155.0,2022-08-27
307,200,Contract,Mumbai,93960400.0,2017-05-09
308,202,Partnership,Bengaluru,819401.0,2020-07-05
309,203,Joint Venture,Hyderabad,58091750.0,2021-04-12
310,204,Joint Venture,Pune,62362869.0,2020-02-14
311,204,Partnership,Pune,15308364.0,2019-03-10
312,204,Partnership,Pune,23651754.0,2019-05-03
313,205,Joint Venture,Pune,48241463.0,2019-05-23
314,205,Pilot Project,Chennai,84627914.0,2023-03-09
315,206,Partnership,Hyderabad,5807875.0,2022-04-04
316,207,Contract,Pune,99201972.0,2019-04-14
317,208,Contract,Bengaluru,31424913.0,2022-09-01
318,209,Partnership,Chennai,89657217.0,2020-07-10
319,211,Contract,Bengaluru,22464321.0,2024-11-30
320,213,Pilot Project,Bengaluru,85707702.0,2023-03-16
321,213,Pilot Project,Mumbai,84820668.0,2018-08-21
322,213,Contract,Mumbai,87136485.0,2018-05-18
323,216,Contract,Pune,90245800.0,2018-07-23
324,217,Partnership,Pune,48366728.0,2020-04-10
325,217,Joint Venture,Kolkata,48376287.0,2021-07-08
326,217,Contract,Mumbai,48894279.0,2020-01-03
327,218,Partnership,Kolkata,34710894.0,2023-04-06
328,218,Partnership,Chennai,3574058.0,2019-09-12
329,220,Joint Venture,Chennai,86686187.0,2024-06-21
330,220,Pilot Project,Delhi NCR,90200959.0,2019-01-22
331,221,Pilot Project,Hyderabad,30208684.0,2022-05-09
332,221,Partnership,Delhi NCR,48405271.0,2023-07-29
333,221,Contract,Mumbai,38930444.0,2023-01-23
334,222,Pilot Project,Bengaluru,34024176.0,2016-05-22
335,223,Pilot Project,Hyderabad,40443788.0,2021-06-22
336,224,Pilot Project,Kolkata,12530598.0,2021-03-13
337,224,Pilot Project,Chennai,20836866.0,2019-03-11
338,224,Contract,Kolkata,49219595.0,2019-07-08
339,225,Contract,Chennai,82597506.0,2022-06-04
340,225,Contract,Kolkata,79303281.0,2021-10-23
341,225,Joint Venture,Bengaluru,91682671.0,2021-01-19
342,226,Contract,Mumbai,43487099.0,2021-05-23
343,228,Partnership,Pune,83172731.0,2021-12-02
344,229,Partnership,Bengaluru,16917778.0,2020-06-18
345,229,Joint Venture,Chennai,88818120.0,2023-06-10
346,229,Pilot Project,Kolkata,74077452.0,2024-04-03
347,230,Pilot Project,Bengaluru,6523320.0,2019-02-26
348,230,Pilot Project,Kolkata,82736895.0,2024-08-16
349,231,Joint Venture,Mumbai,75025582.0,2017-02-21
350,231,Contract,Bengaluru,43741813.0,2022-02-19
351,231,Contract,Chennai,97423585.0,2020-04-03
352,232,Pilot Project,Bengaluru,26075789.0,2019-07-31
353,232,Joint Venture,Kolkata,88182190.0,2018-09-02
354,233,Joint Venture,Hyderabad,58915372.0,2023-02-03
355,235,Pilot Project,Delhi NCR,54450323.0,2019-03-24
356,235,Partnership,Chennai,6321928.0,2020-12-24
357,237,Partnership,Chennai,4784143.0,2023-05-27
358,238,Joint Venture,Chennai,34573818.0,2017-02-15
359,239,Contract,Bengaluru,74926107.0,2023-12-24
360,239,Joint Venture,Chennai,18627229.0,2022-05-06
361,240,Partnership,Chennai,66590688.0,2016-02-12
362,240,Pilot Project,Hyderabad,42420677.0,2017-01-26
363,240,Partnership,Mumbai,87409087.0,2022-08-29
364,242,Pilot Project,Pune,32949989.0,2024-06-17
365,242,Joint Venture,Hyderabad,5338522.0,2023-09-24
366,244,Contract,Delhi NCR,95322814.0,2018-07-20
367,246,Joint Venture,Mumbai,21403560.0,2024-07-02
368,248,Joint Venture,Chennai,12451201.0,2021-07-30
369,248,Joint Venture,Pune,22096084.0,2023-05-01
370,248,Contract,Pune,8809733.0,2022-01-04
371,249,Partnership,Delhi NCR,48540155.0,2021-06-07
372,251,Partnership,Chennai,11647235.0,2019-05-27
373,252,Pilot Project,Hyderabad,16338411.0,2023-01-18
374,252,Joint Venture,Kolkata,31818331.0,2019-12-02
375,253,Contract,Delhi NCR,56128202.0,2022-10-14
376,253,Contract,Mumbai,59475224.0,2021-03-27
377,255,Contract,Hyderabad,80564274.0,2016-06-25
378,257,Joint Venture,Hyderabad,7062338.0,2019-11-04
379,257,Partnership,Mumbai,55458558.0,2019-03-07
380,257,Contract,Kolkata,1389937.0,2024-05-15
381,258,Partnership,Delhi NCR,2254837.0,2022-12-14
382,258,Pilot Project,Chennai,41559306.0,2024-04-12
383,259,Pilot Project,Hyderabad,77162710.0,2022-12-25
384,260,Partnership,Delhi NCR,80527802.0,2023-08-24
385,260,Joint Venture,Mumbai,56922170.0,2024-02-02
386,260,Contract,Delhi NCR,72947702.0,2023-04-22
387,261,Partnership,Delhi NCR,48132717.0,2023-09-16
388,261,Contract,Chennai,27150288.0,2024-08-12
389,261,Pilot Project,Kolkata,3752911.0,2024-07-25
390,262,Joint Venture,Chennai,87446438.0,2021-08-21
391,262,Partnership,Delhi NCR,80884588.0,2021-06-10
392,264,Pilot Project,Hyderabad,19518627.0,2016-04-06
393,265,Contract,Pune,11805582.0,2022-07-02
394,265,Pilot Project,Bengaluru,45109695.0,2022-05-30
395,266,Contract,Kolkata,80035015.0,2024-10-16
396,266,Partnership,Pune,34745487.0,2022-11-30
397,267,Partnership,Delhi NCR,82263352.0,2018-07-13
398,267,Joint Venture,Bengaluru,6785125.0,2019-02-25
399,267,Pilot Project,Delhi NCR,32954722.0,2018-12-03
400,268,Pilot Project,Hyderabad,34021500.0,2019-05-10
401,268,Partnership,Bengaluru,70712803.0,2014-10-13
402,269,Pilot Project,Delhi NCR,66852844.0,2019-07-22
403,269,Pilot Project,Mumbai,9845746.0,2024-07-21
404,269,Contract,Pune,22435058.0,2019-02-12
405,272,Contract,Hyderabad,6751788.0,2023-12-20
406,272,Joint Venture,Pune,57581871.0,2022-12-04
407,272,Joint Venture,Hyderabad,56634810.0,2015-10-13
408,273,Contract,Chennai,51776926.0,2021-02-02
409,274,Partnership,Pune,68506241.0,2023-10-04
410,274,Pilot Project,Kolkata,3700116.0,2022-07-04
411,276,Pilot Project,Kolkata,25770635.0,2019-03-25
412,276,Joint Venture,Bengaluru,33101741.0,2024-06-15
413,276,Contract,Hyderabad,26250128.0,2024-01-11
414,278,Pilot Project,Kolkata,18858214.0,2018-02-16
415,278,Partnership,Bengaluru,31390342.0,2018-05-07
416,278,Partnership,Pune,1829359.0,2023-07-26
417,279,Pilot Project,Kolkata,71214534.0,2021-09-30
418,279,Partnership,Pune,19921316.0,2017-08-16
419,279,Pilot Project,Delhi NCR,48984557.0,2023-01-12
420,281,Joint Venture,Pune,20465566.0,2020-10-04
421,283,Partnership,Hyderabad,45090439.0,2022-07-29
422,285,Joint Venture,Bengaluru,82722053.0,2024-08-24
423,285,Pilot Project,Mumbai,66850955.0,2024-06-10
424,287,Partnership,Delhi NCR,15813510.0,2022-01-18
425,288,Joint Venture,Mumbai,68962399.0,2024-03-07
426,288,Contract,Pune,38161766.0,2023-10-09
427,289,Contract,Delhi NCR,68958278.0,2017-11-16
428,289,Contract,Bengaluru,90774988.0,2017-03-16
429,292,Joint Venture,Chennai,54918882.0,2021-08-27
430,294,Pilot Project,Pune,47768187.0,2014-09-16
431,294,Partnership,Delhi NCR,52573803.0,2015-05-31
432,296,Joint Venture,Hyderabad,88604394.0,2016-03-08
433,297,Contract,Mumbai,57442441.0,2020-12-14
434,297,Pilot Project,Mumbai,75602338.0,2023-10-29
435,297,Partnership,Delhi NCR,49986575.0,2024-08-02
436,298,Pilot Project,Pune,77077012.0,2018-11-01
437,299,Pilot Project,Kolkata,4954753.0,2017-12-31
438,300,Joint Venture,Mumbai,71156691.0,2016-02-02
439,300,Pilot Project,Delhi NCR,88937248.0,2019-11-23
440,300,Contract,Chennai,80633818.0,2023-01-18
441,301,Partnership,Pune,93549622.0,2020-02-20
442,302,Partnership,Bengaluru,42348163.0,2023-12-29
443,303,Partnership,Chennai,63217522.0,2020-01-23
444,303,Partnership,Kolkata,39970471.0,2016-08-01
445,303,Pilot Project,Mumbai,81705715.0,2017-10-18
446,304,Joint Venture,Hyderabad,40652793.0,2015-11-07
447,304,Joint Venture,Chennai,95074955.0,2023-05-05
448,304,Joint Venture,Delhi NCR,25909900.0,2017-01-18
449,305,Pilot Project,Pune,65481321.0,2015-02-24
450,305,Pilot Project,Mumbai,32906277.0,2022-12-19
451,305,Joint Venture,Mumbai,74643296.0,2020-06-05
452,306,Partnership,Delhi NCR,16972800.0,2019-02-07
453,307,Contract,Chennai,50755922.0,2022-03-13
454,307,Contract,Chennai,38514798.0,2023-10-04
455,307,Pilot Project,Bengaluru,39149126.0,2023-09-28
456,308,Contract,Kolkata,22846726.0,2021-01-12
457,308,Partnership,Kolkata,91193926.0,2024-03-22
458,309,Partnership,Hyderabad,51080676.0,2023-10-31
459,309,Pilot Project,Chennai,24811015.0,2022-09-27
460,309,Pilot Project,Hyderabad,6133184.0,2021-11-17
461,310,Partnership,Delhi NCR,58625191.0,2022-04-26
462,310,Pilot Project,Mumbai,23595508.0,2024-08-27
463,311,Joint Venture,Hyderabad,36697037.0,2023-12-29
464,311,Pilot Project,Hyderabad,12360356.0,2021-05-13
465,311,Joint Venture,Kolkata,7868412.0,2024-04-17
466,312,Partnership,Bengaluru,43662979.0,2022-07-05
467,313,Joint Venture,Pune,13238859.0,2018-04-15
468,313,Contract,Pune,2589593.0,2019-11-20
469,314,Contract,Kolkata,2467555.0,2019-07-31
470,314,Contract,Chennai,30782363.0,2021-06-20
471,315,Pilot Project,Kolkata,66452874.0,2021-08-16
472,315,Joint Venture,Pune,4389483.0,2020-05-10
473,316,Pilot Project,Pune,84461722.0,2020-10-06
474,316,Joint Venture,Mumbai,43695179.0,2022-03-09
475,318,Contract,Kolkata,70992376.0,2017-09-25
476,318,Joint Venture,Mumbai,9443127.0,2022-07-07
477,319,Partnership,Kolkata,22288263.0,2023-01-27
478,321,Partnership,Pune,40864876.0,2022-08-17
479,321,Pilot Project,Mumbai,59976434.0,2024-04-11
480,322,Joint Venture,Pune,83700068.0,2022-07-03
481,322,Contract,Hyderabad,64258685.0,2015-04-17
482,322,Pilot Project,Delhi NCR,622919.0,2021-10-02
483,323,Contract,Mumbai,57093500.0,2020-07-18
484,323,Partnership,Pune,4395239.0,2019-05-01
485,323,Pilot Project,Hyderabad,17861230.0,2024-07-28
486,324,Joint Venture,Hyderabad,90728030.0,2021-08-15
487,324,Joint Venture,Chennai,35164793.0,2024-02-06
488,324,Joint Venture,Hyderabad,23320217.0,2021-02-27
489,326,Joint Venture,Mumbai,70262955.0,2020-10-12
490,327,Pilot Project,Hyderabad,90394048.0,2024-08-21
491,328,Pilot Project,Kolkata,98898358.0,2014-04-07
492,328,Contract,Mumbai,47199483.0,2016-03-20
493,330,Pilot Project,Bengaluru,6742795.0,2017-05-26
494,330,Partnership,Delhi NCR,49316168.0,2023-03-24
495,331,Pilot Project,Delhi NCR,41001467.0,2020-11-22
496,331,Joint Venture,Chennai,60939056.0,2017-05-31
497,331,Pilot Project,Hyderabad,45466555.0,2024-08-07
498,332,Joint Venture,Kolkata,5037183.0,2020-02-09
499,332,Joint Venture,Kolkata,75232358.0,2023-09-03
500,333,Partnership,Pune,62455645.0,2023-02-11
501,333,Contract,Bengaluru,27191213.0,2023-07-24
502,333,Joint Venture,Delhi NCR,10292765.0,2021-04-09
503,337,Pilot Project,Chennai,57374881.0,2021-08-31
504,339,Pilot Project,Hyderabad,31094788.0,2022-04-27
505,339,Joint Venture,Delhi NCR,56856643.0,2021-09-17
506,340,Joint Venture,Kolkata,70423256.0,2024-12-04
507,341,Partnership,Kolkata,34933489.0,2024-04-30
508,342,Partnership,Pune,89466592.0,2018-06-29
509,342,Joint Venture,Mumbai,19521984.0,2024-02-06
510,342,Contract,Bengaluru,59205448.0,2023-07-11
511,343,Partnership,Chennai,56533456.0,2021-04-30
512,343,Pilot Project,Bengaluru,84547192.0,2024-02-15
513,344,Partnership,Chennai,36965323.0,2020-05-20
514,345,Partnership,Delhi NCR,42538817.0,2021-08-13
515,345,Pilot Project,Mumbai,45905887.0,2023-03-21
516,346,Partnership,Pune,33761333.0,2022-04-30
517,347,Partnership,Pune,48920844.0,2022-08-25
518,349,Contract,Kolkata,56879661.0,2023-03-06
519,349,Joint Venture,Mumbai,2257235.0,2024-06-21
520,349,Pilot Project,Kolkata,88938222.0,2023-01-04
521,350,Partnership,Pune,62894273.0,2021-03-28
522,352,Partnership,Delhi NCR,61881534.0,2024-05-29
523,352,Pilot Project,Delhi NCR,91788611.0,2021-11-06
524,353,Joint Venture,Chennai,18434213.0,2018-01-03
525,353,Contract,Mumbai,47554689.0,2017-01-26
526,354,Contract,Hyderabad,3064927.0,2024-09-02
527,354,Partnership,Kolkata,16774399.0,2023-11-20
528,355,Joint Venture,Kolkata,1246472.0,2023-07-20
529,355,Partnership,Pune,47388262.0,2020-08-02
530,355,Joint Venture,Delhi NCR,38650797.0,2023-12-01
531,356,Pilot Project,Pune,10605433.0,2019-02-05
532,356,Joint Venture,Mumbai,2984067.0,2020-09-28
533,357,Contract,Pune,34997236.0,2020-11-12
534,357,Pilot Project,Pune,83140162.0,2022-07-30
535,358,Pilot Project,Bengaluru,66351299.0,2020-11-23
536,358,Contract,Delhi NCR,51210708.0,2018-12-21
537,358,Pilot Project,Hyderabad,90456791.0,2020-03-09
538,362,Partnership,Pune,36889162.0,2024-04-11
539,363,Partnership,Pune,50876802.0,2023-05-15
540,364,Partnership,Mumbai,57913578.0,2018-03-15
541,365,Partnership,Hyderabad,15983323.0,2022-10-04
542,366,Contract,Pune,19990195.0,2020-07-25
543,366,Contract,Pune,14101995.0,2021-04-05
544,366,Partnership,Kolkata,44274983.0,2018-06-17
545,367,Contract,Hyderabad,86791883.0,2018-02-26
546,367,Partnership,Pune,30857144.0,2020-02-05
547,367,Partnership,Delhi NCR,79873567.0,2019-03-12
548,368,Joint Venture,Pune,17111564.0,2021-09-12
549,368,Contract,Bengaluru,10910512.0,2018-03-05
550,368,Contract,Delhi NCR,99000774.0,2020-02-18
551,369,Pilot Project,Hyderabad,95308787.0,2021-05-15
552,369,Contract,Hyderabad,29469934.0,2022-11-16
553,370,Joint Venture,Delhi NCR,30630323.0,2018-11-02
554,370,Partnership,Kolkata,15336066.0,2024-10-19
555,372,Pilot Project,Mumbai,35468729.0,2017-09-20
556,372,Joint Venture,Kolkata,63639596.0,2021-09-20
557,373,Pilot Project,Chennai,10012315.0,2020-05-27
558,373,Pilot Project,Mumbai,77924018.0,2021-04-12
559,374,Joint Venture,Mumbai,79347990.0,2015-10-19
560,375,Pilot Project,Mumbai,51860121.0,2018-03-08
561,375,Partnership,Mumbai,39529773.0,2020-04-29
562,376,Partnership,Bengaluru,41581091.0,2017-10-28
563,377,Partnership,Delhi NCR,77888377.0,2023-03-30
564,377,Partnership,Mumbai,73896657.0,2018-01-12
565,378,Pilot Project,Kolkata,69487576.0,2019-09-03
566,378,Contract,Kolkata,78983274.0,2020-02-20
567,378,Pilot Project,Pune,83942428.0,2019-07-09
568,381,Joint Venture,Hyderabad,71767420.0,2024-09-11
569,382,Pilot Project,Bengaluru,57703006.0,2023-02-14
570,383,Contract,Bengaluru,70689580.0,2018-01-19
571,383,Pilot Project,Bengaluru,23630431.0,2022-11-14
572,383,Partnership,Mumbai,16953154.0,2017-05-06
573,384,Joint Venture,Pune,20933324.0,2023-01-15
574,385,Contract,Chennai,31314206.0,2018-12-18
575,385,Joint Venture,Bengaluru,64727707.0,2024-12-07
576,385,Partnership,Mumbai,47669249.0,2020-04-28
577,386,Partnership,Pune,13184841.0,2020-11-13
578,386,Partnership,Hyderabad,5630307.0,2022-03-08
579,387,Joint Venture,Chennai,85187739.0,2021-07-31
580,387,Partnership,Mumbai,69972994.0,2024-09-20
581,387,Contract,Delhi NCR,42647603.0,2024-10-30
582,388,Contract,Pune,97503566.0,2020-02-07
583,389,Partnership,Kolkata,17618559.0,2019-08-08
584,389,Pilot Project,Bengaluru,9315689.0,2023-12-03
585,389,Pilot Project,Hyderabad,45944507.0,2019-03-02
586,390,Pilot Project,Chennai,53596042.0,2020-10-19
587,394,Pilot Project,Delhi NCR,21621657.0,2018-11-04
588,394,Pilot Project,Chennai,37925754.0,2024-01-01
589,394,Partnership,Chennai,17868072.0,2015-12-15
590,395,Pilot Project,Pune,8627138.0,2024-03-28
591,395,Contract,Chennai,83964929.0,2017-12-21
592,395,Contract,Bengaluru,52286127.0,2019-08-25
593,396,Pilot Project,Bengaluru,73752418.0,2023-01-04
594,397,Contract,Mumbai,29957015.0,2018-08-15
595,397,Joint Venture,Hyderabad,97284641.0,2023-02-09
596,399,Pilot Project,Delhi NCR,36322721.0,2024-07-20
597,399,Partnership,Delhi NCR,55741230.0,2021-09-11
598,399,Partnership,Bengaluru,35523771.0,2021-04-08
599,400,Joint Venture,Kolkata,92159942.0,2023-08-27
600,400,Joint Venture,Pune,84186932.0,2023-12-24
601,403,Joint Venture,Kolkata,68247606.0,2023-12-18
602,403,Contract,Chennai,78615530.0,2021-05-16
603,405,Pilot Project,Bengaluru,63887708.0,2023-03-09
604,406,Partnership,Pune,94970066.0,2014-08-23
605,406,Contract,Hyderabad,65048313.0,2020-05-25
606,407,Partnership,Delhi NCR,86986402.0,2024-11-22
607,407,Pilot Project,Mumbai,58123473.0,2021-04-24
608,408,Contract,Chennai,42232632.0,2023-07-01
609,409,Partnership,Chennai,91478290.0,2020-09-30
610,409,Pilot Project,Delhi NCR,22551779.0,2016-04-13
611,409,Pilot Project,Kolkata,44099160.0,2017-04-26
612,410,Joint Venture,Mumbai,80813617.0,2023-10-05
613,411,Partnership,Hyderabad,64081043.0,2023-03-19
614,411,Joint Venture,Pune,65288272.0,2022-06-14
615,412,Pilot Project,Hyderabad,56742561.0,2023-05-04
616,412,Joint Venture,Mumbai,27658887.0,2021-10-25
617,412,Partnership,Bengaluru,71287274.0,2019-03-15
618,415,Contract,Kolkata,53404228.0,2023-02-20
619,416,Joint Venture,Pune,22139190.0,2023-02-24
620,416,Pilot Project,Pune,56992331.0,2018-10-29
621,416,Partnership,Delhi NCR,55754891.0,2022-03-23
622,417,Pilot Project,Kolkata,86124916.0,2020-06-10
623,418,Partnership,Pune,95017375.0,2016-03-24
624,418,Partnership,Pune,59550175.0,2021-03-21
625,418,Joint Venture,Pune,1274539.0,2021-08-29
626,419,Contract,Delhi NCR,71418137.0,2015-07-23
627,420,Pilot Project,Pune,47138706.0,2021-01-22
628,420,Joint Venture,Kolkata,61173491.0,2019-12-06
629,420,Partnership,Hyderabad,51113604.0,2016-10-28
630,421,Joint Venture,Delhi NCR,76588773.0,2024-11-12
631,422,Joint Venture,Hyderabad,72929529.0,2020-11-28
632,422,Contract,Kolkata,11965238.0,2019-06-30
633,422,Contract,Kolkata,23419951.0,2020-11-09
634,423,Contract,Pune,31681263.0,2016-06-02
635,423,Pilot Project,Mumbai,8070126.0,2017-09-29
636,424,Partnership,Chennai,99206149.0,2022-06-17
637,424,Pilot Project,Hyderabad,12365200.0,2015-12-08
638,424,Joint Venture,Mumbai,85928826.0,2018-11-04
639,425,Pilot Project,Bengaluru,56987745.0,2019-08-15
640,425,Partnership,Bengaluru,86629247.0,2019-12-31
641,425,Pilot Project,Kolkata,3581956.0,2020-10-19
642,429,Partnership,Bengaluru,72620566.0,2018-10-08
643,430,Pilot Project,Pune,43572323.0,2023-03-01
644,430,Joint Venture,Delhi NCR,15941429.0,2015-02-21
645,430,Contract,Chennai,75991818.0,2014-10-14
646,431,Pilot Project,Hyderabad,27242456.0,2022-02-02
647,431,Pilot Project,Mumbai,4782981.0,2021-10-14
648,434,Pilot Project,Mumbai,93179789.0,2021-06-01
649,434,Joint Venture,Hyderabad,66444088.0,2023-06-26
650,434,Contract,Delhi NCR,678474.0,2023-04-12
651,435,Joint Venture,Pune,64928389.0,2024-09-22
652,435,Contract,Chennai,11056910.0,2023-12-27
653,436,Contract,Chennai,34308983.0,2024-07-12
654,439,Pilot Project,Chennai,54844522.0,2019-01-10
655,439,Joint Venture,Kolkata,40868459.0,2020-09-23
656,441,Contract,Pune,89335060.0,2017-09-17
657,442,Partnership,Delhi NCR,95998064.0,2023-10-15
658,442,Joint Venture,Pune,73337667.0,2023-03-11
659,442,Joint Venture,Bengaluru,16479686.0,2024-11-19
660,443,Joint Venture,Hyderabad,54402523.0,2024-09-17
661,444,Joint Venture,Hyderabad,7089678.0,2020-02-12
662,444,Partnership,Mumbai,42579376.0,2019-06-26
663,444,Partnership,Mumbai,99842326.0,2016-05-12
664,445,Partnership,Kolkata,29499116.0,2020-07-16
665,445,Partnership,Delhi NCR,28303944.0,2022-02-22
666,445,Joint Venture,Mumbai,86210175.0,2024-06-05
667,447,Partnership,Delhi NCR,8184381.0,2023-06-12
668,448,Pilot Project,Pune,88514046.0,2023-09-20
669,448,Joint Venture,Bengaluru,20276230.0,2024-07-16
670,448,Partnership,Hyderabad,82573164.0,2023-12-07
671,449,Partnership,Kolkata,61711458.0,2021-03-12
672,449,Partnership,Delhi NCR,7018788.0,2024-09-11
673,450,Joint Venture,Kolkata,96176545.0,2024-10-05
674,450,Pilot Project,Pune,97944199.0,2024-10-22
675,451,Contract,Hyderabad,44110151.0,2017-06-19
676,451,Contract,Mumbai,59876942.0,2019-01-20
677,452,Pilot Project,Bengaluru,22453627.0,2022-07-16
678,452,Contract,Hyderabad,61827877.0,2022-08-15
679,452,Contract,Chennai,72206343.0,2023-10-22
680,453,Partnership,Kolkata,65016955.0,2017-05-28
681,453,Joint Venture,Hyderabad,7349958.0,2018-06-20
682,454,Joint Venture,Kolkata,23824155.0,2023-01-16
683,454,Partnership,Pune,78672444.0,2024-08-31
684,455,Joint Venture,Chennai,76570224.0,2022-02-19
685,455,Pilot Project,Hyderabad,70937385.0,2023-06-23
686,455,Joint Venture,Chennai,53574715.0,2022-09-16
687,457,Partnership,Kolkata,71221966.0,2022-04-09
688,457,Partnership,Pune,88103407.0,2021-06-30
689,457,Pilot Project,Pune,98240459.0,2024-12-11
690,458,Contract,Chennai,85043920.0,2023-11-04
691,458,Partnership,Pune,63249541.0,2024-09-09
692,458,Contract,Pune,77209766.0,2022-08-12
693,459,Joint Venture,Kolkata,85421267.0,2020-09-01
694,459,Joint Venture,Bengaluru,98196435.0,2022-12-23
695,462,Contract,Chennai,59075045.0,2022-11-18
696,463,Joint Venture,Hyderabad,58690807.0,2018-09-19
697,464,Joint Venture,Hyderabad,98849119.0,2021-02-28
698,465,Joint Venture,Hyderabad,16561514.0,2018-09-19
699,466,Partnership,Hyderabad,16445161.0,2022-09-03
700,466,Contract,Pune,11107597.0,2022-06-09
701,467,Partnership,Mumbai,53391591.0,2024-12-05
702,467,Joint Venture,Bengaluru,31668288.0,2018-04-07
703,467,Joint Venture,Delhi NCR,61376143.0,2021-06-27
704,468,Joint Venture,Bengaluru,82327974.0,2024-04-14
705,469,Pilot Project,Delhi NCR,86841127.0,2018-09-01
706,469,Joint Venture,Pune,66545898.0,2021-03-28
707,470,Partnership,Chennai,3297270.0,2020-11-04
708,470,Contract,Chennai,40886169.0,2018-03-01
709,471,Partnership,Delhi NCR,98045482.0,2019-06-30
710,472,Contract,Kolkata,8424163.0,2022-11-20
711,472,Partnership,Kolkata,76557148.0,2021-09-25
712,472,Partnership,Chennai,70036010.0,2021-07-21
713,473,Pilot Project,Chennai,51088834.0,2023-07-08
714,475,Contract,Hyderabad,61359043.0,2023-06-26
715,479,Pilot Project,Kolkata,9518028.0,2023-09-28
716,480,Contract,Hyderabad,15777468.0,2023-11-29
717,480,Pilot Project,Chennai,71676697.0,2023-07-12
718,481,Contract,Delhi NCR,51687583.0,2024-12-27
719,481,Partnership,Pune,15323889.0,2021-01-12
720,482,Joint Venture,Mumbai,57549222.0,2019-01-19
721,483,Partnership,Bengaluru,5651393.0,2020-05-20
722,483,Joint Venture,Hyderabad,32915905.0,2018-12-08
723,483,Contract,Chennai,85545944.0,2021-03-15
724,484,Contract,Delhi NCR,56125351.0,2023-01-18
725,485,Contract,Bengaluru,97834248.0,2014-08-29
726,485,Joint Venture,Bengaluru,1699470.0,2019-04-08
727,486,Partnership,Hyderabad,77167163.0,2017-08-22
728,486,Partnership,Bengaluru,64369787.0,2016-04-21
729,487,Joint Venture,Delhi NCR,65207139.0,2017-08-04
730,487,Contract,Delhi NCR,9294699.0,2017-10-15
731,493,Joint Venture,Mumbai,85216707.0,2024-07-18
732,494,Pilot Project,Mumbai,64129625.0,2021-12-22
733,494,Joint Venture,Pune,26187299.0,2022-10-23
734,494,Pilot Project,Kolkata,95417359.0,2020-05-05
735,495,Pilot Project,Bengaluru,4218371.0,2021-07-11
736,495,Partnership,Chennai,72204605.0,2020-08-07
737,495,Joint Venture,Bengaluru,19423614.0,2024-06-08
738,496,Pilot Project,Kolkata,89124571.0,2021-03-15
739,497,Joint Venture,Bengaluru,11451855.0,2022-01-26
740,497,Partnership,Mumbai,28719815.0,2020-10-15
741,500,Pilot Project,Delhi NCR,51311838.0,2018-04-09
742,500,Joint Venture,Pune,22607329.0,2014-01-22
743,501,Joint Venture,Hyderabad,90014369.0,2015-06-27
744,501,Contract,Bengaluru,82461649.0,2018-04-07
745,502,Contract,Chennai,21795479.0,2020-07-24
746,504,Pilot Project,Hyderabad,69710898.0,2020-12-17
747,504,Joint Venture,Pune,47291492.0,2022-09-05
748,506,Partnership,Chennai,74792509.0,2024-02-23
749,506,Pilot Project,Mumbai,63943043.0,2017-05-03
750,507,Contract,Bengaluru,99045111.0,2020-05-07
751,507,Partnership,Kolkata,63098468.0,2017-04-28
752,508,Contract,Delhi NCR,540480.0,2023-06-30
753,508,Pilot Project,Kolkata,68323123.0,2020-10-11
754,509,Partnership,Kolkata,29353347.0,2023-09-24
755,511,Partnership,Kolkata,68826085.0,2021-08-21
756,511,Pilot Project,Chennai,37107043.0,2024-11-01
757,512,Joint Venture,Pune,47927938.0,2018-11-27
758,513,Partnership,Delhi NCR,13056764.0,2023-10-18
759,513,Contract,Mumbai,92092521.0,2024-04-09
760,516,Joint Venture,Hyderabad,97292615.0,2016-09-30
761,516,Contract,Delhi NCR,98467366.0,2018-02-23
762,517,Partnership,Kolkata,20571897.0,2021-11-01
763,519,Pilot Project,Pune,79173770.0,2023-12-18
764,519,Partnership,Kolkata,13624131.0,2018-09-13
765,519,Joint Venture,Chennai,81583903.0,2024-06-08
766,520,Partnership,Delhi NCR,61228876.0,2024-02-10
767,520,Pilot Project,Pune,72622787.0,2024-07-10
768,522,Pilot Project,Hyderabad,38470988.0,2021-10-24
769,522,Contract,Hyderabad,24531873.0,2023-04-18
770,522,Contract,Bengaluru,57105155.0,2021-10-25
771,523,Joint Venture,Mumbai,83344723.0,2021-09-09
772,525,Contract,Pune,57903030.0,2024-08-11
773,527,Joint Venture,Delhi NCR,58314383.0,2021-09-12
774,527,Contract,Chennai,1001756.0,2024-02-14
775,527,Partnership,Bengaluru,95815729.0,2024-09-26
776,528,Contract,Hyderabad,11564835.0,2016-09-06
777,528,Contract,Chennai,23511469.0,2017-03-05
778,529,Contract,Mumbai,83822980.0,2024-10-30
779,529,Partnership,Kolkata,6137122.0,2021-04-25
780,529,Joint Venture,Mumbai,37560150.0,2019-12-03
781,530,Pilot Project,Pune,59563283.0,2022-03-20
782,530,Partnership,Hyderabad,37756226.0,2022-01-02
783,530,Joint Venture,Chennai,88485039.0,2022-10-22
784,531,Contract,Bengaluru,23022852.0,2021-04-30
785,531,Pilot Project,Bengaluru,978253.0,2020-04-14
786,531,Contract,Pune,5429906.0,2023-06-06
787,532,Pilot Project,Delhi NCR,92292388.0,2021-06-04
788,533,Contract,Delhi NCR,39103442.0,2021-10-27
789,534,Joint Venture,Hyderabad,63745987.0,2022-11-11
790,534,Contract,Bengaluru,80246185.0,2023-01-28
791,534,Contract,Pune,3447522.0,2024-09-11
792,535,Joint Venture,Pune,98562475.0,2021-11-04
793,535,Joint Venture,Hyderabad,87686795.0,2024-05-18
794,536,Partnership,Chennai,98158643.0,2016-12-09
795,538,Contract,Hyderabad,89958786.0,2021-07-28
796,538,Joint Venture,Kolkata,78323652.0,2017-05-11
797,538,Pilot Project,Pune,59788474.0,2022-03-23
798,539,Partnership,Delhi NCR,24207669.0,2023-09-27
799,539,Contract,Hyderabad,40913610.0,2021-08-06
800,540,Pilot Project,Pune,98223399.0,2016-08-18
801,540,Joint Venture,Bengaluru,10683059.0,2015-10-27
802,540,Joint Venture,Kolkata,91453224.0,2021-06-19
803,541,Partnership,Bengaluru,57594899.0,2023-08-13
804,541,Contract,Bengaluru,63729668.0,2022-08-11
805,543,Joint Venture,Mumbai,99502544.0,2019-03-12
806,543,Joint Venture,Bengaluru,85723274.0,2022-11-04
807,543,Pilot Project,Hyderabad,40197511.0,2019-07-01
808,544,Contract,Delhi NCR,61668623.0,2020-12-13
809,545,Contract,Chennai,82657325.0,2023-06-09
810,545,Partnership,Mumbai,44809287.0,2024-05-26
811,545,Contract,Kolkata,73045382.0,2023-02-24
812,547,Contract,Mumbai,59092014.0,2019-08-31
813,547,Pilot Project,Hyderabad,87615222.0,2024-01-01
814,547,Joint Venture,Delhi NCR,12819795.0,2020-05-12
815,548,Contract,Delhi NCR,63745638.0,2022-09-27
816,550,Contract,Mumbai,4525607.0,2024-09-29
817,550,Joint Venture,Mumbai,87335608.0,2022-01-15
818,550,Joint Venture,Pune,36745856.0,2024-11-10
819,552,Joint Venture,Hyderabad,32132608.0,2024-03-05
820,552,Joint Venture,Hyderabad,85527594.0,2018-06-06
821,554,Joint Venture,Mumbai,9420973.0,2018-03-31
822,555,Partnership,Bengaluru,54913351.0,2016-08-29
823,556,Contract,Hyderabad,31773659.0,2020-11-22
824,557,Contract,Kolkata,40584482.0,2023-05-23
825,558,Contract,Mumbai,17597186.0,2023-07-03
826,558,Pilot Project,Chennai,8319044.0,2024-05-07
827,558,Partnership,Bengaluru,50430474.0,2019-05-17
828,559,Partnership,Bengaluru,95239759.0,2019-03-18
829,559,Pilot Project,Hyderabad,84874487.0,2023-09-09
830,560,Partnership,Pune,32165024.0,2020-12-15
831,560,Pilot Project,Hyderabad,87830205.0,2022-03-10
832,560,Pilot Project,Kolkata,42738162.0,2020-12-09
833,561,Contract,Kolkata,88163160.0,2022-09-02
834,562,Pilot Project,Pune,45553471.0,2023-08-11
835,562,Joint Venture,Hyderabad,5355235.0,2020-02-03
836,563,Partnership,Chennai,44600607.0,2021-07-11
837,563,Joint Venture,Chennai,75662440.0,2023-12-07
838,565,Partnership,Chennai,44881529.0,2019-11-04
839,567,Pilot Project,Bengaluru,2112665.0,2021-11-17
840,567,Contract,Delhi NCR,61666871.0,2020-09-19
841,568,Partnership,Bengaluru,23051782.0,2019-08-18
842,568,Partnership,Pune,62291549.0,2019-01-06
843,568,Partnership,Chennai,91939930.0,2022-01-07
844,569,Joint Venture,Mumbai,26935525.0,2019-04-24
845,569,Joint Venture,Chennai,74620416.0,2018-04-30
846,569,Joint Venture,Mumbai,36938360.0,2024-07-11
847,570,Joint Venture,Kolkata,85560342.0,2019-11-30
848,571,Contract,Delhi NCR,14229253.0,2022-04-03
849,571,Pilot Project,Bengaluru,79343294.0,2018-11-26
850,574,Contract,Bengaluru,91541715.0,2015-12-21
851,574,Joint Venture,Bengaluru,5167259.0,2016-08-10
852,574,Joint Venture,Chennai,43784698.0,2021-05-10
853,575,Pilot Project,Mumbai,54564068.0,2022-06-10
854,575,Joint Venture,Kolkata,76324907.0,2023-01-19
855,575,Contract,Hyderabad,71700395.0,2024-09-24
856,576,Partnership,Mumbai,99682950.0,2023-03-06
857,576,Partnership,Mumbai,23820682.0,2024-02-27
858,576,Partnership,Pune,925871.0,2022-05-07
859,580,Partnership,Pune,69102297.0,2018-01-24
860,581,Joint Venture,Chennai,85281735.0,2022-08-29
861,581,Joint Venture,Bengaluru,6402387.0,2016-02-24
862,582,Pilot Project,Pune,12250852.0,2021-01-25
863,582,Pilot Project,Chennai,49315194.0,2017-11-28
864,583,Pilot Project,Hyderabad,77902947.0,2022-12-24
865,583,Contract,Bengaluru,79544836.0,2022-01-15
866,584,Partnership,Hyderabad,23548126.0,2020-04-11
867,584,Joint Venture,Mumbai,94666075.0,2024-08-14
868,585,Pilot Project,Kolkata,71694240.0,2023-10-26
869,585,Joint Venture,Chennai,26768688.0,2024-01-16
870,585,Pilot Project,Chennai,87398054.0,2021-09-18
871,586,Contract,Chennai,55741477.0,2022-02-27
872,586,Contract,Hyderabad,83240601.0,2020-07-16
873,586,Joint Venture,Mumbai,6510199.0,2024-01-01
874,587,Joint Venture,Kolkata,64576676.0,2023-07-11
875,587,Partnership,Bengaluru,66663122.0,2022-09-09
876,588,Pilot Project,Chennai,73424826.0,2023-11-23
877,588,Pilot Project,Hyderabad,6324627.0,2023-09-08
878,589,Pilot Project,Hyderabad,85423110.0,2020-05-11
879,590,Pilot Project,Delhi NCR,2810084.0,2021-08-02
880,590,Partnership,Bengaluru,20715700.0,2024-09-21
881,590,Contract,Kolkata,21960351.0,2023-07-10
882,593,Partnership,Chennai,54784361.0,2024-02-18
883,593,Joint Venture,Kolkata,36443227.0,2024-12-01
884,593,Contract,Pune,37072428.0,2022-01-11
885,595,Joint Venture,Hyderabad,92755979.0,2022-01-16
886,595,Pilot Project,Pune,78125198.0,2017-05-30
887,597,Joint Venture,Hyderabad,76174467.0,2020-03-08
888,597,Partnership,Hyderabad,73992606.0,2024-03-14
889,598,Joint Venture,Pune,8271643.0,2023-08-11
890,599,Partnership,Hyderabad,51455442.0,2020-02-17
891,599,Joint Venture,Chennai,68176635.0,2022-02-06
892,599,Partnership,Delhi NCR,16998360.0,2024-05-29
893,600,Joint Venture,Pune,68282116.0,2016-11-21
894,601,Partnership,Delhi NCR,76276074.0,2019-02-06
895,601,Joint Venture,Hyderabad,99038863.0,2017-10-03
896,602,Pilot Project,Pune,59000071.0,2023-08-04
897,603,Partnership,Bengaluru,74285902.0,2015-10-03
898,603,Partnership,Kolkata,43361633.0,2015-02-20
899,603,Pilot Project,Delhi NCR,10456585.0,2020-05-21
900,604,Contract,Mumbai,17731981.0,2018-11-04
901,604,Pilot Project,Hyderabad,23005059.0,2022-03-05
902,604,Joint Venture,Pune,19282462.0,2022-04-06
903,607,Pilot Project,Chennai,28459681.0,2022-05-31
904,607,Pilot Project,Mumbai,98102191.0,2019-01-10
905,610,Contract,Hyderabad,51987752.0,2015-03-05
906,610,Joint Venture,Kolkata,88384123.0,2023-03-12
907,610,Pilot Project,Mumbai,65763852.0,2019-03-11
908,612,Joint Venture,Hyderabad,59406796.0,2023-04-05
909,612,Contract,Delhi NCR,89314271.0,2022-11-27
910,613,Joint Venture,Bengaluru,41867900.0,2017-05-26
911,615,Joint Venture,Chennai,24028169.0,2024-05-31
912,615,Joint Venture,Delhi NCR,62979980.0,2020-06-18
913,617,Contract,Pune,8134288.0,2020-11-29
914,617,Joint Venture,Hyderabad,35944572.0,2018-11-29
915,617,Contract,Pune,70677220.0,2018-03-31
916,618,Pilot Project,Chennai,91716270.0,2024-03-25
917,619,Partnership,Hyderabad,55600510.0,2016-07-18
918,620,Joint Venture,Mumbai,4207043.0,2021-12-19
919,621,Joint Venture,Pune,57153441.0,2023-08-17
920,621,Joint Venture,Pune,59229170.0,2023-11-20
921,621,Joint Venture,Kolkata,72717093.0,2022-08-28
922,622,Partnership,Kolkata,32779401.0,2020-11-04
923,622,Joint Venture,Pune,35004738.0,2018-01-23
924,623,Joint Venture,Chennai,31971192.0,2023-01-27
925,624,Partnership,Pune,81683236.0,2022-05-24
926,625,Joint Venture,Bengaluru,72458814.0,2014-05-29
927,626,Partnership,Pune,54845811.0,2024-12-26
928,626,Partnership,Hyderabad,27377933.0,2019-07-18
929,626,Joint Venture,Bengaluru,74128705.0,2022-02-20
930,627,Partnership,Delhi NCR,79006900.0,2021-07-30
931,628,Partnership,Kolkata,56293317.0,2023-04-09
932,628,Pilot Project,Chennai,29837574.0,2020-11-23
933,628,Joint Venture,Pune,41918741.0,2023-11-25
934,629,Joint Venture,Chennai,59431261.0,2021-11-20
935,631,Partnership,Kolkata,81309911.0,2022-07-20
936,631,Joint Venture,Bengaluru,95608407.0,2024-10-23
937,633,Pilot Project,Bengaluru,8299778.0,2022-05-21
938,633,Joint Venture,Bengaluru,48920308.0,2021-04-03
939,634,Partnership,Bengaluru,92278548.0,2016-09-02
940,634,Partnership,Pune,15225241.0,2020-03-03
941,634,Joint Venture,Pune,62914786.0,2021-03-09
942,637,Contract,Kolkata,19998830.0,2019-10-16
943,637,Partnership,Bengaluru,91291786.0,2019-04-24
944,637,Pilot Project,Kolkata,23463716.0,2019-04-14
945,638,Joint Venture,Mumbai,23083241.0,2022-07-28
946,639,Contract,Mumbai,31582716.0,2023-04-11
947,641,Joint Venture,Pune,17969061.0,2022-05-09
948,641,Pilot Project,Hyderabad,99630336.0,2020-08-26
949,641,Pilot Project,Bengaluru,65967728.0,2020-12-01
950,642,Contract,Delhi NCR,46572121.0,2019-03-09
951,642,Pilot Project,Bengaluru,95120732.0,2020-11-15
952,643,Partnership,Delhi NCR,97176580.0,2021-05-20
953,643,Partnership,Bengaluru,43289299.0,2019-08-03
954,645,Pilot Project,Pune,7636910.0,2015-03-06
955,646,Pilot Project,Hyderabad,76696093.0,2021-10-19
956,647,Joint Venture,Mumbai,90793511.0,2016-09-13
957,648,Pilot Project,Hyderabad,92575637.0,2020-07-04
958,649,Joint Venture,Hyderabad,58771658.0,2024-07-09
959,650,Contract,Delhi NCR,50471900.0,2020-03-11
960,650,Joint Venture,Pune,76892549.0,2019-01-24
961,651,Joint Venture,Delhi NCR,97126940.0,2016-11-27
962,653,Partnership,Chennai,30210510.0,2023-08-03
963,653,Joint Venture,Chennai,80410334.0,2022-03-26
964,654,Joint Venture,Pune,78770135.0,2020-06-28
965,654,Joint Venture,Chennai,85171043.0,2018-11-20
966,656,Partnership,Mumbai,88330897.0,2024-02-16
967,656,Contract,Delhi NCR,71357389.0,2024-06-13
968,659,Partnership,Delhi NCR,7672435.0,2021-08-18
969,659,Joint Venture,Pune,9250904.0,2022-01-29
970,660,Partnership,Bengaluru,84397688.0,2017-06-20
971,660,Joint Venture,Mumbai,63884305.0,2020-01-19
972,660,Pilot Project,Chennai,5807486.0,2024-05-10
973,661,Partnership,Kolkata,84294797.0,2021-04-12
974,662,Joint Venture,Pune,30635434.0,2024-07-22
975,662,Contract,Pune,12743670.0,2018-10-11
976,664,Partnership,Delhi NCR,79069960.0,2021-04-22
977,665,Joint Venture,Hyderabad,3085932.0,2022-10-03
978,667,Joint Venture,Kolkata,6936085.0,2018-06-28
979,667,Joint Venture,Bengaluru,96135806.0,2015-03-18
980,667,Partnership,Pune,25929323.0,2022-08-11
981,668,Contract,Hyderabad,43434878.0,2022-05-30
982,668,Pilot Project,Chennai,23222739.0,2022-04-06
983,668,Contract,Chennai,81608118.0,2022-04-24
984,670,Joint Venture,Chennai,16602055.0,2023-02-23
985,671,Partnership,Delhi NCR,13038075.0,2019-06-04
986,672,Partnership,Hyderabad,11764244.0,2019-04-11
987,672,Joint Venture,Pune,50835318.0,2024-08-22
988,672,Partnership,Hyderabad,5374907.0,2023-05-16
989,673,Contract,Pune,21438459.0,2023-11-03
990,673,Contract,Pune,79071229.0,2018-05-13
991,675,Contract,Mumbai,51849723.0,2016-02-10
992,675,Partnership,Pune,1084910.0,2015-06-11
993,676,Partnership,Bengaluru,70659604.0,2023-10-17
994,677,Joint Venture,Kolkata,57226407.0,2022-03-16
995,677,Contract,Delhi NCR,5962689.0,2021-08-13
996,677,Pilot Project,Kolkata,71343161.0,2022-07-20
997,678,Contract,Hyderabad,43252038.0,2016-04-01
998,679,Partnership,Bengaluru,42003813.0,2020-10-26
999,679,Joint Venture,Pune,97663288.0,2022-08-20
1000,679,Joint Venture,Mumbai,71819309.0,2021-09-11
1001,680,Pilot Project,Bengaluru,25934671.0,2022-07-01
1002,680,Contract,Chennai,53973543.0,2021-05-06
1003,681,Pilot Project,Mumbai,86614709.0,2022-07-11
1004,681,Contract,Kolkata,13386143.0,2022-12-24
1005,681,Partnership,Pune,99850654.0,2023-03-16
1006,682,Contract,Kolkata,10554251.0,2018-05-06
1007,683,Partnership,Pune,99704099.0,2022-03-18
1008,683,Contract,Hyderabad,20067879.0,2019-02-16
1009,683,Joint Venture,Chennai,56644407.0,2017-05-26
1010,685,Joint Venture,Delhi NCR,27967768.0,2023-05-09
1011,685,Contract,Kolkata,12522406.0,2024-12-13
1012,685,Joint Venture,Chennai,72488113.0,2020-06-07
1013,686,Pilot Project,Mumbai,34810403.0,2018-05-08
1014,686,Pilot Project,Bengaluru,23717278.0,2022-12-29
1015,691,Partnership,Mumbai,27892937.0,2023-10-02
1016,693,Partnership,Chennai,69350944.0,2022-12-04
1017,693,Partnership,Pune,34965133.0,2022-07-13
1018,694,Partnership,Kolkata,99308648.0,2017-04-16
1019,694,Partnership,Bengaluru,81159796.0,2017-03-07
1020,694,Contract,Chennai,10044089.0,2015-11-13
1021,695,Pilot Project,Bengaluru,61310054.0,2024-09-12
1022,695,Joint Venture,Chennai,6874645.0,2019-12-07
1023,697,Joint Venture,Mumbai,46843338.0,2022-02-10
1024,697,Joint Venture,Bengaluru,24945667.0,2014-07-24
1025,697,Contract,Chennai,58355377.0,2018-07-25
1026,699,Joint Venture,Bengaluru,99534189.0,2022-12-04
1027,699,Pilot Project,Hyderabad,9377059.0,2023-03-24
1028,700,Joint Venture,Mumbai,56758907.0,2021-10-20
1029,700,Contract,Pune,48602848.0,2020-06-29
1030,700,Partnership,Bengaluru,31551371.0,2020-04-26
1031,701,Partnership,Pune,74629173.0,2021-01-24
1032,701,Partnership,Chennai,26586395.0,2020-09-22
1033,701,Contract,Delhi NCR,60840609.0,2021-06-30
1034,702,Contract,Pune,3486215.0,2023-08-22
1035,702,Joint Venture,Kolkata,7686320.0,2020-04-08
1036,704,Joint Venture,Delhi NCR,96900567.0,2023-12-22
1037,704,Partnership,Hyderabad,33516188.0,2016-05-24
1038,704,Contract,Pune,32866362.0,2015-08-04
1039,705,Contract,Hyderabad,34798060.0,2020-02-18
1040,705,Joint Venture,Delhi NCR,27687211.0,2020-11-08
1041,706,Partnership,Mumbai,27201492.0,2024-01-26
1042,706,Joint Venture,Pune,30742747.0,2021-11-04
1043,706,Joint Venture,Kolkata,71806697.0,2022-03-23
1044,707,Contract,Mumbai,73155754.0,2022-06-24
1045,707,Pilot Project,Hyderabad,48938476.0,2023-03-13
1046,707,Partnership,Mumbai,32884662.0,2022-12-26
1047,709,Partnership,Bengaluru,4439579.0,2024-12-29
1048,710,Joint Venture,Mumbai,84190847.0,2023-10-27
1049,710,Pilot Project,Delhi NCR,20371262.0,2024-04-23
1050,710,Contract,Kolkata,98939463.0,2023-11-27
1051,711,Partnership,Bengaluru,78814324.0,2024-02-25
1052,711,Joint Venture,Delhi NCR,1561264.0,2021-08-24
1053,712,Pilot Project,Bengaluru,78448897.0,2024-01-26
1054,713,Contract,Chennai,67396197.0,2021-07-10
1055,714,Contract,Mumbai,55888435.0,2022-12-19
1056,714,Pilot Project,Chennai,8139636.0,2022-11-27
1057,715,Partnership,Pune,74767315.0,2022-07-16
1058,715,Contract,Mumbai,79136005.0,2024-11-05
1059,716,Pilot Project,Delhi NCR,17363575.0,2022-07-23
1060,716,Pilot Project,Bengaluru,66806457.0,2023-08-14
1061,717,Partnership,Kolkata,18730557.0,2023-04-26
1062,717,Partnership,Hyderabad,47987533.0,2019-06-21
1063,718,Contract,Chennai,82731165.0,2015-09-27
1064,718,Contract,Mumbai,71691992.0,2015-08-31
1065,719,Pilot Project,Hyderabad,26988410.0,2019-04-18
1066,719,Contract,Chennai,8293497.0,2022-06-12
1067,719,Pilot Project,Bengaluru,72066996.0,2021-06-26
1068,720,Contract,Bengaluru,18054189.0,2023-07-24
1069,722,Joint Venture,Delhi NCR,91429776.0,2024-07-16
1070,722,Pilot Project,Kolkata,89269948.0,2023-06-03
1071,722,Partnership,Delhi NCR,56634580.0,2022-09-05
1072,723,Pilot Project,Kolkata,55011035.0,2020-07-25
1073,723,Pilot Project,Bengaluru,28904164.0,2018-03-19
1074,723,Pilot Project,Pune,12416390.0,2019-12-07
1075,726,Partnership,Hyderabad,75239669.0,2023-04-19
1076,726,Contract,Bengaluru,91481929.0,2024-12-03
1077,726,Contract,Kolkata,93529194.0,2017-11-28
1078,727,Partnership,Chennai,72535417.0,2017-08-12
1079,727,Contract,Kolkata,41733109.0,2020-03-09
1080,728,Partnership,Bengaluru,76264634.0,2024-01-09
1081,728,Joint Venture,Pune,36711520.0,2022-11-27
1082,729,Pilot Project,Kolkata,41850564.0,2022-09-05
1083,730,Contract,Bengaluru,16032583.0,2023-08-08
1084,730,Pilot Project,Hyderabad,58672066.0,2023-06-08
1085,731,Pilot Project,Pune,53883829.0,2020-04-06
1086,732,Contract,Pune,4335092.0,2021-11-05
1087,732,Pilot Project,Hyderabad,26767387.0,2019-08-27
1088,733,Pilot Project,Delhi NCR,24286694.0,2024-03-02
1089,733,Pilot Project,Delhi NCR,16518087.0,2023-08-30
1090,733,Pilot Project,Delhi NCR,4065324.0,2022-08-08
1091,734,Contract,Delhi NCR,18227542.0,2024-04-21
1092,734,Contract,Mumbai,34346977.0,2019-03-16
1093,735,Contract,Hyderabad,55312119.0,2015-09-14
1094,735,Contract,Mumbai,34989089.0,2016-06-14
1095,737,Partnership,Bengaluru,12644492.0,2023-01-08
1096,737,Partnership,Bengaluru,43683620.0,2019-06-03
1097,739,Partnership,Pune,98890969.0,2022-03-07
1098,739,Partnership,Kolkata,23180030.0,2024-07-27
1099,740,Partnership,Mumbai,38585929.0,2017-04-09
1100,742,Joint Venture,Hyderabad,81792554.0,2022-03-23
1101,742,Joint Venture,Hyderabad,41945008.0,2022-06-01
1102,742,Joint Venture,Bengaluru,60718487.0,2020-07-18
1103,743,Contract,Hyderabad,80808640.0,2024-10-11
1104,743,Joint Venture,Chennai,20507367.0,2023-08-01
1105,744,Contract,Pune,6472339.0,2021-11-10
1106,744,Contract,Pune,38895445.0,2018-07-28
1107,744,Partnership,Hyderabad,8224324.0,2020-01-10
1108,745,Pilot Project,Chennai,93769436.0,2023-12-15
1109,745,Joint Venture,Hyderabad,99625007.0,2024-08-12
1110,747,Contract,Kolkata,8326784.0,2023-06-03
1111,747,Pilot Project,Mumbai,55453747.0,2024-01-21
1112,747,Contract,Bengaluru,58041358.0,2024-07-06
1113,748,Joint Venture,Bengaluru,12667198.0,2023-04-01
1114,749,Contract,Hyderabad,11346283.0,2020-09-09
1115,751,Joint Venture,Kolkata,92680010.0,2022-02-27
1116,751,Joint Venture,Pune,45894488.0,2020-10-22
1117,751,Joint Venture,Pune,61315500.0,2015-01-30
1118,752,Joint Venture,Kolkata,18890004.0,2022-02-06
1119,752,Partnership,Bengaluru,23103155.0,2019-04-24
1120,754,Pilot Project,Kolkata,62907188.0,2015-05-17
1121,754,Contract,Delhi NCR,20213028.0,2016-03-21
1122,755,Contract,Kolkata,32612238.0,2024-08-24
1123,755,Partnership,Bengaluru,87993371.0,2024-06-11
1124,757,Joint Venture,Pune,95404977.0,2022-08-27
1125,757,Pilot Project,Chennai,74931592.0,2019-03-08
1126,757,Joint Venture,Delhi NCR,96563201.0,2021-11-17
1127,759,Pilot Project,Chennai,21332616.0,2021-12-10
1128,760,Contract,Hyderabad,87938044.0,2021-08-01
1129,760,Contract,Bengaluru,34562953.0,2020-01-22
1130,761,Contract,Chennai,95721323.0,2018-11-13
1131,763,Joint Venture,Pune,92583488.0,2021-02-24
1132,763,Partnership,Delhi NCR,95789712.0,2022-11-20
1133,763,Pilot Project,Chennai,19940556.0,2022-12-07
1134,764,Joint Venture,Bengaluru,7479301.0,2022-09-23
1135,764,Pilot Project,Hyderabad,60482344.0,2016-07-16
1136,764,Joint Venture,Bengaluru,33276871.0,2017-01-16
1137,765,Pilot Project,Kolkata,91870005.0,2017-06-28
1138,765,Partnership,Kolkata,94994408.0,2024-09-13
1139,765,Contract,Kolkata,57754284.0,2020-10-10
1140,766,Pilot Project,Delhi NCR,6634486.0,2021-05-27
1141,766,Joint Venture,Delhi NCR,43203087.0,2021-08-07
1142,766,Joint Venture,Mumbai,28652744.0,2020-03-12
1143,768,Joint Venture,Chennai,53728744.0,2024-04-16
1144,768,Partnership,Pune,39583415.0,2018-03-01
1145,768,Contract,Mumbai,39172474.0,2019-07-04
1146,769,Contract,Delhi NCR,93086806.0,2024-10-19
1147,769,Partnership,Delhi NCR,49279968.0,2021-05-15
1148,769,Joint Venture,Hyderabad,12764328.0,2024-02-24
1149,770,Contract,Delhi NCR,43629849.0,2017-12-03
1150,771,Pilot Project,Bengaluru,96718115.0,2024-12-16
1151,772,Joint Venture,Mumbai,95364858.0,2017-10-27
1152,772,Partnership,Bengaluru,66091885.0,2022-02-17
1153,773,Partnership,Delhi NCR,26758073.0,2020-11-20
1154,773,Partnership,Hyderabad,55032657.0,2024-11-14
1155,774,Joint Venture,Pune,72096061.0,2020-09-03
1156,775,Contract,Chennai,90762212.0,2021-01-12
1157,775,Pilot Project,Bengaluru,73379343.0,2019-07-23
1158,776,Joint Venture,Delhi NCR,79898012.0,2024-11-16
1159,776,Pilot Project,Chennai,90153794.0,2015-07-07
1160,776,Pilot Project,Delhi NCR,3291233.0,2016-11-05
1161,777,Partnership,Bengaluru,90312104.0,2019-12-28
1162,777,Joint Venture,Pune,76383015.0,2022-08-16
1163,778,Joint Venture,Bengaluru,23193445.0,2022-01-16
1164,778,Contract,Delhi NCR,12893635.0,2023-09-10
1165,778,Pilot Project,Delhi NCR,76218324.0,2021-10-21
1166,779,Contract,Kolkata,58120454.0,2021-08-19
1167,779,Partnership,Bengaluru,49597876.0,2022-04-08
1168,779,Pilot Project,Chennai,67541671.0,2021-06-04
1169,780,Partnership,Bengaluru,86656756.0,2018-01-06
1170,781,Contract,Mumbai,32845155.0,2024-06-09
1171,781,Joint Venture,Delhi NCR,90868705.0,2023-10-19
1172,781,Contract,Pune,90496515.0,2022-07-25
1173,782,Partnership,Pune,97764017.0,2024-02-09
1174,782,Contract,Kolkata,60413227.0,2021-03-27
1175,782,Pilot Project,Chennai,57554816.0,2023-06-15
1176,784,Joint Venture,Kolkata,27993534.0,2023-05-12
1177,785,Partnership,Delhi NCR,16008696.0,2023-07-10
1178,786,Contract,Delhi NCR,43941539.0,2021-10-22
1179,786,Contract,Delhi NCR,71205005.0,2019-01-15
1180,786,Pilot Project,Chennai,19087973.0,2019-02-22
1181,788,Partnership,Kolkata,7203722.0,2019-02-17
1182,788,Pilot Project,Hyderabad,70121212.0,2024-11-29
1183,789,Contract,Bengaluru,83732073.0,2022-05-06
1184,791,Pilot Project,Chennai,14182450.0,2024-04-11
1185,791,Partnership,Kolkata,80162313.0,2022-09-30
1186,793,Joint Venture,Mumbai,95973321.0,2022-08-27
1187,794,Joint Venture,Mumbai,20561620.0,2024-07-14
1188,795,Contract,Chennai,88171528.0,2022-09-01
1189,795,Contract,Kolkata,10185261.0,2020-02-27
1190,795,Joint Venture,Bengaluru,47104144.0,2024-03-17
1191,796,Contract,Delhi NCR,23058275.0,2022-10-25
1192,796,Joint Venture,Pune,23457053.0,2023-06-08
1193,797,Pilot Project,Mumbai,94881121.0,2020-04-13
1194,798,Pilot Project,Hyderabad,79361323.0,2022-06-04
1195,798,Pilot Project,Kolkata,44817130.0,2022-05-05
1196,798,Partnership,Hyderabad,2028490.0,2021-08-01
1197,799,Partnership,Kolkata,3453679.0,2017-05-31
1198,802,Joint Venture,Bengaluru,21799030.0,2017-05-26
1199,802,Joint Venture,Delhi NCR,66561623.0,2023-10-10
1200,805,Joint Venture,Bengaluru,5539780.0,2020-06-01
1201,805,Pilot Project,Chennai,66808719.0,2023-07-08
1202,806,Joint Venture,Bengaluru,65082881.0,2023-03-13
1203,807,Contract,Delhi NCR,10450341.0,2019-06-10
1204,807,Pilot Project,Hyderabad,92362779.0,2016-12-07
1205,807,Pilot Project,Mumbai,64980233.0,2021-01-29
1206,808,Joint Venture,Bengaluru,62282555.0,2023-06-01
1207,808,Joint Venture,Bengaluru,94943922.0,2024-12-24
1208,808,Partnership,Hyderabad,90449468.0,2024-06-04
1209,809,Contract,Hyderabad,89151201.0,2023-07-21
1210,813,Joint Venture,Delhi NCR,93107884.0,2020-09-16
1211,813,Partnership,Kolkata,40867247.0,2021-08-18
1212,813,Pilot Project,Chennai,43487436.0,2020-09-23
1213,814,Pilot Project,Pune,79936726.0,2021-06-14
1214,814,Partnership,Kolkata,82923993.0,2023-09-24
1215,814,Contract,Delhi NCR,21152774.0,2024-08-15
1216,816,Partnership,Mumbai,4830920.0,2020-01-10
1217,816,Contract,Hyderabad,634352.0,2023-06-14
1218,817,Joint Venture,Hyderabad,89572200.0,2024-01-19
1219,817,Joint Venture,Bengaluru,52777513.0,2022-09-24
1220,818,Joint Venture,Pune,29111746.0,2023-02-28
1221,818,Joint Venture,Bengaluru,60706873.0,2022-06-23
1222,818,Joint Venture,Chennai,92158710.0,2024-04-02
1223,819,Pilot Project,Hyderabad,13365814.0,2019-11-18
1224,820,Joint Venture,Mumbai,68494994.0,2024-12-02
1225,820,Partnership,Pune,32951027.0,2021-02-03
1226,821,Joint Venture,Kolkata,13425584.0,2024-07-16
1227,822,Partnership,Bengaluru,70536888.0,2020-10-04
1228,822,Joint Venture,Bengaluru,3821321.0,2019-03-02
1229,823,Pilot Project,Pune,72314404.0,2024-09-03
1230,824,Contract,Kolkata,97361786.0,2023-07-16
1231,824,Contract,Hyderabad,88039503.0,2023-10-11
1232,825,Joint Venture,Mumbai,87518547.0,2024-10-27
1233,825,Partnership,Bengaluru,24285474.0,2023-08-01
1234,826,Pilot Project,Bengaluru,9293415.0,2014-03-13
1235,826,Contract,Hyderabad,25449967.0,2023-10-30
1236,827,Joint Venture,Pune,7160729.0,2018-05-04
1237,827,Pilot Project,Kolkata,35995780.0,2016-01-02
1238,827,Pilot Project,Mumbai,97847585.0,2020-10-22
1239,829,Pilot Project,Mumbai,66553749.0,2023-05-12
1240,829,Partnership,Mumbai,65979055.0,2023-07-14
1241,829,Contract,Kolkata,29860645.0,2022-11-29
1242,830,Pilot Project,Hyderabad,79116642.0,2019-07-09
1243,830,Partnership,Delhi NCR,33851541.0,2018-11-18
1244,830,Pilot Project,Hyderabad,92307788.0,2017-09-21
1245,831,Partnership,Kolkata,42433681.0,2024-02-10
1246,831,Pilot Project,Kolkata,61544951.0,2018-10-21
1247,831,Joint Venture,Hyderabad,45917291.0,2020-09-17
1248,832,Pilot Project,Delhi NCR,3782786.0,2021-10-31
1249,832,Pilot Project,Bengaluru,20308479.0,2022-01-31
1250,833,Joint Venture,Delhi NCR,98000043.0,2021-09-22
1251,833,Joint Venture,Mumbai,13606394.0,2024-11-22
1252,833,Pilot Project,Kolkata,74686085.0,2023-06-06
1253,834,Pilot Project,Bengaluru,34766668.0,2020-10-05
1254,834,Contract,Bengaluru,21528238.0,2020-04-04
1255,837,Joint Venture,Kolkata,8519427.0,2024-03-19
1256,837,Contract,Delhi NCR,86874229.0,2022-08-17
1257,838,Joint Venture,Mumbai,14266189.0,2022-02-26
1258,838,Joint Venture,Delhi NCR,73523590.0,2021-03-29
1259,838,Contract,Pune,46679756.0,2023-01-13
1260,839,Pilot Project,Kolkata,31281806.0,2024-12-21
1261,840,Partnership,Mumbai,22472246.0,2023-11-26
1262,840,Joint Venture,Bengaluru,32012641.0,2024-03-23
1263,841,Contract,Bengaluru,33149944.0,2016-01-03
1264,842,Contract,Kolkata,26412908.0,2023-03-20
1265,842,Pilot Project,Delhi NCR,1241921.0,2020-02-15
1266,842,Partnership,Delhi NCR,33794008.0,2023-07-21
1267,843,Partnership,Pune,24686648.0,2021-07-31
1268,843,Partnership,Hyderabad,22253582.0,2024-04-02
1269,843,Contract,Delhi NCR,86844776.0,2023-05-17
1270,844,Pilot Project,Hyderabad,90415050.0,2024-06-17
1271,844,Joint Venture,Delhi NCR,95484972.0,2024-11-05
1272,845,Pilot Project,Mumbai,82631437.0,2022-04-27
1273,845,Partnership,Bengaluru,49324996.0,2020-05-04
1274,845,Pilot Project,Delhi NCR,5762254.0,2021-04-19
1275,846,Joint Venture,Mumbai,53237454.0,2022-10-24
1276,846,Partnership,Hyderabad,59725779.0,2024-10-17
1277,846,Partnership,Delhi NCR,28506886.0,2023-12-06
1278,847,Partnership,Bengaluru,97622009.0,2024-08-03
1279,847,Contract,Kolkata,41028332.0,2023-05-24
1280,847,Contract,Kolkata,6352930.0,2022-05-04
1281,848,Partnership,Chennai,3668152.0,2021-09-18
1282,848,Pilot Project,Pune,42974710.0,2024-09-15
1283,848,Pilot Project,Delhi NCR,21297893.0,2024-07-15
1284,849,Pilot Project,Pune,60213378.0,2020-12-28
1285,850,Pilot Project,Hyderabad,49591603.0,2021-09-27
1286,850,Joint Venture,Bengaluru,10017046.0,2023-12-01
1287,850,Contract,Kolkata,970881.0,2024-06-27
1288,851,Joint Venture,Kolkata,88102823.0,2020-11-20
1289,851,Contract,Mumbai,71168907.0,2019-02-15
1290,852,Partnership,Mumbai,5026429.0,2021-06-18
1291,852,Joint Venture,Mumbai,8556595.0,2018-04-07
1292,853,Partnership,Mumbai,94389749.0,2016-02-27
1293,853,Partnership,Hyderabad,72065285.0,2024-12-17
1294,853,Pilot Project,Pune,9961756.0,2023-03-01
1295,854,Joint Venture,Mumbai,54530706.0,2023-02-02
1296,855,Contract,Chennai,96234259.0,2024-08-17
1297,857,Partnership,Bengaluru,69872146.0,2019-04-12
1298,857,Pilot Project,Mumbai,63311820.0,2019-08-25
1299,857,Partnership,Bengaluru,35060378.0,2016-10-27
1300,858,Pilot Project,Pune,98210011.0,2023-06-23
1301,858,Contract,Hyderabad,1841896.0,2023-01-12
1302,858,Contract,Kolkata,39925182.0,2023-12-01
1303,859,Contract,Kolkata,17546156.0,2022-06-25
1304,860,Contract,Bengaluru,72973170.0,2018-04-25
1305,861,Pilot Project,Mumbai,15722589.0,2024-01-16
1306,862,Contract,Hyderabad,89346212.0,2024-01-28
1307,862,Joint Venture,Pune,20626432.0,2022-08-24
1308,862,Pilot Project,Hyderabad,78916320.0,2020-08-06
1309,863,Partnership,Mumbai,55205745.0,2019-11-27
1310,863,Joint Venture,Chennai,36550638.0,2022-08-01
1311,864,Contract,Pune,51079862.0,2018-12-28
1312,866,Partnership,Delhi NCR,61941314.0,2022-02-22
1313,866,Joint Venture,Pune,99469883.0,2022-01-11
1314,866,Partnership,Hyderabad,52354457.0,2018-01-13
1315,871,Contract,Chennai,45907419.0,2019-12-08
1316,871,Contract,Bengaluru,23607648.0,2021-11-15
1317,871,Partnership,Kolkata,60969243.0,2019-03-18
1318,872,Pilot Project,Kolkata,48845775.0,2023-04-23
1319,872,Contract,Bengaluru,27323181.0,2019-07-05
1320,873,Partnership,Pune,46393727.0,2022-12-23
1321,874,Partnership,Hyderabad,89009538.0,2017-01-29
1322,874,Pilot Project,Delhi NCR,79788435.0,2021-02-01
1323,875,Joint Venture,Kolkata,39663140.0,2020-01-25
1324,875,Partnership,Pune,27625937.0,2019-06-02
1325,875,Joint Venture,Bengaluru,79609062.0,2023-10-01
1326,876,Partnership,Kolkata,98589963.0,2018-06-01
1327,876,Contract,Mumbai,75674012.0,2023-12-13
1328,876,Partnership,Hyderabad,73732447.0,2020-02-03
1329,877,Joint Venture,Delhi NCR,42897607.0,2022-09-21
1330,877,Partnership,Hyderabad,7395707.0,2021-08-18
1331,877,Pilot Project,Chennai,73866233.0,2022-09-26
1332,878,Partnership,Mumbai,69245356.0,2018-05-19
1333,878,Partnership,Hyderabad,22199272.0,2016-02-25
1334,880,Contract,Mumbai,24997099.0,2021-04-30
1335,880,Joint Venture,Chennai,8218257.0,2023-11-15
1336,880,Partnership,Bengaluru,21958592.0,2022-11-22
1337,881,Joint Venture,Mumbai,31308081.0,2024-12-12
1338,881,Contract,Bengaluru,88603717.0,2024-08-09
1339,881,Contract,Kolkata,78313784.0,2024-12-10
1340,883,Pilot Project,Pune,20562451.0,2020-01-14
1341,883,Partnership,Bengaluru,79982330.0,2021-07-12
1342,884,Pilot Project,Delhi NCR,31253219.0,2024-06-06
1343,884,Partnership,Delhi NCR,30467647.0,2023-01-24
1344,885,Pilot Project,Hyderabad,67191837.0,2021-10-01
1345,885,Contract,Kolkata,40675812.0,2021-10-31
1346,886,Joint Venture,Mumbai,87577343.0,2023-01-11
1347,886,Contract,Delhi NCR,12397752.0,2021-07-31
1348,888,Partnership,Hyderabad,41360627.0,2023-05-31
1349,888,Contract,Hyderabad,50732736.0,2020-05-03
1350,889,Joint Venture,Chennai,38207606.0,2020-10-14
1351,889,Pilot Project,Mumbai,1890756.0,2018-06-22
1352,889,Contract,Bengaluru,864656.0,2023-07-21
1353,891,Partnership,Kolkata,64218713.0,2020-10-05
1354,891,Joint Venture,Pune,13651123.0,2024-05-02
1355,892,Joint Venture,Mumbai,80569742.0,2020-12-31
1356,892,Joint Venture,Kolkata,21651251.0,2022-06-28
1357,893,Joint Venture,Mumbai,16324628.0,2015-09-21
1358,893,Pilot Project,Bengaluru,23760564.0,2017-08-22
1359,896,Partnership,Chennai,51820065.0,2024-08-28
1360,896,Pilot Project,Hyderabad,74847665.0,2021-12-01
1361,896,Partnership,Mumbai,57576536.0,2023-06-28
1362,897,Joint Venture,Mumbai,18204391.0,2024-07-13
1363,898,Contract,Hyderabad,63141014.0,2021-09-15
1364,899,Contract,Hyderabad,64198715.0,2024-05-01
1365,899,Contract,Delhi NCR,52730033.0,2020-01-04
1366,900,Partnership,Bengaluru,17719314.0,2019-06-22
1367,900,Contract,Mumbai,35571426.0,2024-11-06
1368,900,Joint Venture,Bengaluru,2457868.0,2021-10-22
1369,903,Partnership,Mumbai,5247973.0,2014-09-24
1370,903,Pilot Project,Hyderabad,45965788.0,2020-04-10
1371,903,Contract,Bengaluru,88164879.0,2024-01-25
1372,904,Pilot Project,Hyderabad,58435238.0,2024-10-05
1373,904,Joint Venture,Hyderabad,21300910.0,2024-09-10
1374,905,Pilot Project,Bengaluru,30696287.0,2024-02-27
1375,906,Contract,Hyderabad,55451682.0,2017-05-19
1376,906,Partnership,Mumbai,92665872.0,2020-08-22
1377,907,Contract,Hyderabad,88610940.0,2018-08-25
1378,907,Partnership,Kolkata,13645884.0,2023-12-16
1379,909,Joint Venture,Mumbai,20351983.0,2024-04-11
1380,909,Joint Venture,Pune,2239818.0,2021-04-06
1381,910,Joint Venture,Pune,22035060.0,2023-11-17
1382,910,Contract,Mumbai,24763112.0,2022-12-09
1383,911,Partnership,Bengaluru,92378044.0,2023-10-12
1384,912,Pilot Project,Bengaluru,77269175.0,2023-10-20
1385,913,Joint Venture,Chennai,46696977.0,2020-01-22
1386,913,Partnership,Hyderabad,86559643.0,2022-08-28
1387,913,Pilot Project,Mumbai,38367304.0,2023-10-26
1388,916,Joint Venture,Chennai,81548349.0,2024-07-28
1389,916,Joint Venture,Hyderabad,31691207.0,2024-02-18
1390,916,Pilot Project,Chennai,16586883.0,2021-01-15
1391,918,Joint Venture,Kolkata,39949408.0,2018-07-10
1392,918,Contract,Pune,97870746.0,2018-03-06
1393,919,Pilot Project,Kolkata,55448813.0,2018-11-19
1394,919,Contract,Delhi NCR,64113230.0,2017-04-16
1395,919,Pilot Project,Bengaluru,21581025.0,2023-11-20
1396,921,Contract,Bengaluru,30698520.0,2022-04-09
1397,921,Partnership,Pune,94301964.0,2023-08-08
1398,921,Partnership,Pune,33347273.0,2019-04-24
1399,923,Pilot Project,Pune,78532660.0,2017-07-10
1400,923,Partnership,Bengaluru,2455426.0,2016-03-05
1401,923,Pilot Project,Pune,24095186.0,2017-12-12
1402,925,Contract,Delhi NCR,69521521.0,2020-11-14
1403,926,Pilot Project,Kolkata,95926148.0,2022-09-14
1404,926,Pilot Project,Kolkata,83231422.0,2024-11-06
1405,927,Contract,Chennai,34228318.0,2020-10-20
1406,928,Joint Venture,Chennai,2470649.0,2017-11-01
1407,928,Contract,Delhi NCR,55499230.0,2016-01-29
1408,928,Contract,Chennai,55713738.0,2017-08-10
1409,929,Partnership,Kolkata,40004289.0,2023-02-05
1410,929,Partnership,Kolkata,12048069.0,2022-11-23
1411,930,Pilot Project,Bengaluru,77687451.0,2023-12-12
1412,931,Contract,Chennai,89563330.0,2022-07-24
1413,932,Partnership,Delhi NCR,26832919.0,2020-12-07
1414,933,Partnership,Mumbai,97982204.0,2021-01-26
1415,934,Partnership,Delhi NCR,91610056.0,2023-02-28
1416,934,Partnership,Delhi NCR,12390147.0,2024-02-09
1417,936,Joint Venture,Mumbai,28661943.0,2023-02-17
1418,937,Partnership,Chennai,34005853.0,2023-09-13
1419,937,Pilot Project,Delhi NCR,55703919.0,2020-07-02
1420,938,Contract,Bengaluru,33121391.0,2020-01-16
1421,939,Pilot Project,Bengaluru,84102256.0,2019-03-14
1422,939,Partnership,Hyderabad,89876209.0,2022-03-30
1423,939,Pilot Project,Bengaluru,60738391.0,2019-05-05
1424,940,Contract,Chennai,20162046.0,2021-07-04
1425,940,Contract,Kolkata,44623694.0,2021-02-15
1426,942,Contract,Mumbai,59694375.0,2024-12-23
1427,942,Partnership,Kolkata,43563766.0,2017-07-06
1428,942,Joint Venture,Chennai,83973280.0,2016-11-20
1429,943,Joint Venture,Delhi NCR,63787728.0,2023-01-20
1430,943,Contract,Kolkata,79483886.0,2024-11-17
1431,943,Pilot Project,Chennai,67169386.0,2020-07-27
1432,944,Joint Venture,Hyderabad,19525039.0,2020-06-22
1433,944,Pilot Project,Hyderabad,82631654.0,2019-01-04
1434,945,Joint Venture,Chennai,94385707.0,2020-07-23
1435,946,Pilot Project,Hyderabad,87158233.0,2024-08-05
1436,946,Contract,Pune,74466902.0,2022-03-07
1437,946,Pilot Project,Bengaluru,16675279.0,2020-11-05
1438,947,Pilot Project,Mumbai,5459559.0,2016-08-30
1439,947,Contract,Bengaluru,53219374.0,2017-09-13
1440,947,Pilot Project,Chennai,15067956.0,2023-04-09
1441,948,Contract,Bengaluru,77636215.0,2022-05-17
1442,949,Pilot Project,Bengaluru,40301999.0,2016-11-22
1443,950,Contract,Chennai,2908614.0,2023-10-30
1444,950,Joint Venture,Chennai,75503019.0,2024-06-15
1445,950,Partnership,Kolkata,41024899.0,2023-11-04
1446,951,Contract,Bengaluru,58119059.0,2019-08-24
1447,951,Contract,Kolkata,98572316.0,2017-09-11
1448,953,Pilot Project,Kolkata,69073905.0,2016-02-21
1449,953,Partnership,Delhi NCR,95647255.0,2017-05-19
1450,953,Joint Venture,Pune,87424976.0,2020-11-28
1451,954,Contract,Bengaluru,29678338.0,2020-08-10
1452,955,Joint Venture,Bengaluru,46805828.0,2024-12-03
1453,955,Partnership,Chennai,57864572.0,2022-03-11
1454,955,Contract,Kolkata,54128747.0,2024-11-02
1455,956,Contract,Mumbai,84376746.0,2022-11-10
1456,956,Contract,Delhi NCR,28623966.0,2022-03-13
1457,956,Contract,Hyderabad,43531945.0,2019-11-15
1458,957,Joint Venture,Mumbai,39076963.0,2021-02-13
1459,957,Contract,Kolkata,42869707.0,2024-09-01
1460,958,Contract,Pune,93099877.0,2023-05-31
1461,958,Partnership,Mumbai,56104126.0,2024-01-28
1462,958,Pilot Project,Mumbai,41275579.0,2023-03-10
1463,959,Partnership,Mumbai,89258943.0,2023-01-13
1464,959,Partnership,Bengaluru,5820076.0,2024-08-21
1465,959,Joint Venture,Hyderabad,23157259.0,2023-10-18
1466,960,Contract,Hyderabad,60468147.0,2023-05-15
1467,960,Partnership,Delhi NCR,49108971.0,2024-02-26
1468,960,Contract,Pune,88201921.0,2017-09-08
1469,961,Contract,Kolkata,13405563.0,2024-04-24
1470,963,Joint Venture,Bengaluru,96478935.0,2024-07-10
1471,963,Joint Venture,Kolkata,96903465.0,2020-07-27
1472,963,Contract,Kolkata,21500745.0,2020-10-26
1473,966,Joint Venture,Bengaluru,28601646.0,2023-11-20
1474,966,Partnership,Chennai,22952773.0,2023-01-31
1475,967,Pilot Project,Chennai,63030274.0,2020-07-16
1476,967,Joint Venture,Mumbai,70400724.0,2023-01-31
1477,967,Pilot Project,Bengaluru,24689662.0,2023-06-01
1478,968,Pilot Project,Hyderabad,85317421.0,2024-05-21
1479,970,Partnership,Pune,87120302.0,2021-07-14
1480,970,Partnership,Mumbai,49300474.0,2024-10-12
1481,973,Partnership,Kolkata,21043655.0,2023-12-18
1482,973,Joint Venture,Kolkata,2052738.0,2022-06-09
1483,974,Partnership,Pune,60139599.0,2023-10-28
1484,975,Pilot Project,Pune,3209947.0,2021-12-29
1485,976,Joint Venture,Delhi NCR,52185493.0,2023-10-23
1486,976,Pilot Project,Delhi NCR,58289745.0,2016-08-24
1487,976,Joint Venture,Chennai,14392656.0,2021-10-11
1488,978,Contract,Chennai,96690092.0,2024-02-20
1489,979,Contract,Hyderabad,17676226.0,2016-06-28
1490,979,Contract,Kolkata,79793269.0,2021-12-12
1491,979,Partnership,Delhi NCR,22661922.0,2017-08-26
1492,980,Joint Venture,Kolkata,42384634.0,2022-08-30
1493,980,Partnership,Bengaluru,42707753.0,2024-01-08
1494,980,Contract,Delhi NCR,35963938.0,2021-07-05
1495,982,Pilot Project,Chennai,1274668.0,2018-07-31
1496,982,Contract,Delhi NCR,23831932.0,2017-03-29
1497,982,Partnership,Kolkata,27473169.0,2024-07-23
1498,983,Pilot Project,Mumbai,93028235.0,2024-05-19
1499,984,Pilot Project,Delhi NCR,40295482.0,2017-03-24
1500,985,Contract,Delhi NCR,95761527.0,2024-02-13
1501,986,Contract,Chennai,9861992.0,2023-09-14
1502,987,Partnership,Bengaluru,46549386.0,2024-07-03
1503,987,Joint Venture,Kolkata,87292226.0,2023-05-16
1504,987,Contract,Chennai,75572669.0,2022-01-14
1505,988,Contract,Hyderabad,12365277.0,2024-07-14
1506,989,Partnership,Chennai,53142796.0,2023-07-27
1507,989,Pilot Project,Chennai,41429779.0,2023-01-21
1508,990,Joint Venture,Chennai,50917810.0,2023-04-21
1509,990,Contract,Pune,49359000.0,2021-10-11
1510,991,Contract,Bengaluru,89925401.0,2024-10-30
1511,991,Joint Venture,Mumbai,19055233.0,2022-01-12
1512,991,Partnership,Hyderabad,1461960.0,2018-04-14
1513,992,Joint Venture,Hyderabad,91626373.0,2019-11-07
1514,992,Joint Venture,Pune,74706688.0,2016-09-02
1515,992,Partnership,Delhi NCR,63533677.0,2023-11-15
1516,993,Pilot Project,Hyderabad,18098727.0,2022-11-09
1517,997,Joint Venture,Delhi NCR,81388681.0,2018-02-10
1518,998,Joint Venture,Chennai,24347337.0,2021-08-13
1519,998,Pilot Project,Mumbai,33932909.0,2021-09-04
1520,999,Pilot Project,Chennai,8762248.0,2024-08-14
1521,999,Pilot Project,Pune,12403647.0,2021-03-18
1522,1000,Joint Venture,Delhi NCR,70746147.0,2019-04-09
1523,1000,Pilot Project,Pune,46096446.0,2023-09-24
